event_id,sta_code,p_polarity,event_id2,origin_lat,origin_lon,origin_depth_km,sr_dist_km,takeoff,azimuth,takeoff_uncertainty,azimuth_uncertainty,source,horz_uncert_km,vert_uncert_km,station_lat,station_lon,station_depth_km,pol_agreement,mech_quality,pol_agreement_weighted
nc72322146,KKP.--.EHZ,1.0,1,40.16,-123.20783,36.705,22.307,40.3202,265.939,,,con_p,1.0,1.0,40.145794,-123.46965,-1.226,1,D,1.0
nc72322146,KPP.--.EHZ,1.0,1,40.16,-123.20783,36.705,24.523,43.4877,327.4034,,,con_p,1.0,1.0,40.345791,-123.363281,-1.738,1,D,1.0
nc72322146,KBN.--.EHZ,-1.0,1,40.16,-123.20783,36.705,29.78,50.3188,177.9067,,,con_p,1.0,1.0,39.892372,-123.19503,-1.329,1,D,1.0
nc72322146,KMR.--.HHZ,1.0,1,40.16,-123.20783,36.705,42.818,63.5696,276.2882,,,con_p,1.0,1.0,40.202175,-123.708633,-0.915,1,D,1.0
nc72322146,KBS.02.EHZ,1.0,1,40.16,-123.20783,36.705,42.604,63.3905,230.6717,,,con_p,1.0,1.0,39.917187,-123.595612,-1.12,1,D,1.0
nc72322146,KIP.--.EHZ,-1.0,1,40.16,-123.20783,36.705,45.483,65.7713,210.7286,,,con_p,1.0,1.0,39.808407,-123.4813,-1.341,1,D,1.0
nc72322146,B935.--.EHZ,1.0,1,40.16,-123.20783,36.705,47.118,67.0372,318.7766,,,con_p,1.0,1.0,40.478699,-123.573196,-0.6967000000000001,1,D,1.0
nc72322146,B049.--.EHZ,1.0,1,40.16,-123.20783,36.705,52.709,70.9692,279.4101,,,con_p,1.0,1.0,40.237499,-123.819702,-0.117,1,D,1.0
nc72322146,B934.--.EHZ,1.0,1,40.16,-123.20783,36.705,54.034,71.8591,229.5126,,,con_p,1.0,1.0,39.844501,-123.691399,-0.331,1,D,1.0
nc72322146,KCS.--.EHZ,1.0,1,40.16,-123.20783,36.705,49.424,68.718,328.2407,,,con_p,1.0,1.0,40.53791,-123.513939,-1.64,0,D,0.0
nc72322146,KHBB.--.HHZ,-1.0,1,40.16,-123.20783,36.705,55.598,72.8297,358.9641,,,con_p,1.0,1.0,40.659901,-123.219658,-1.864,1,D,1.0
nc72322146,KCR.02.EHZ,1.0,1,40.16,-123.20783,36.705,59.917,75.3663,299.6358,,,con_p,1.0,1.0,40.426441,-123.820641,-0.873,1,D,1.0
nc72322146,B933.--.EHZ,1.0,1,40.16,-123.20783,36.705,65.636,78.3313,260.2461,,,con_p,1.0,1.0,40.060001,-123.969002,-0.2681,1,D,1.0
nc72322146,B045.--.EHZ,1.0,1,40.16,-123.20783,36.705,73.717,82.0501,294.6037,,,con_p,1.0,1.0,40.436001,-123.996498,-0.0294,1,D,1.0
nc72322146,KSM.02.EHZ,1.0,1,40.16,-123.20783,36.705,82.306,85.6221,272.0755,,,con_p,1.0,1.0,40.186806,-124.175682,-0.931,1,D,1.0
nc72322146,CM03A.--.EHZ,-1.0,1,40.16,-123.20783,36.705,80.628,84.9897,307.64,,,con_p,1.0,1.0,40.602798,-123.959099,-0.582,0,D,0.0
nc72322146,B047.--.EHZ,1.0,1,40.16,-123.20783,36.705,82.366,85.639,276.9739,,,con_p,1.0,1.0,40.249933,-124.169848,-0.08,1,D,1.0
nc72322146,KMPB.--.HHZ,1.0,1,40.16,-123.20783,36.705,82.688,85.7303,290.2354,,,con_p,1.0,1.0,40.417194,-124.120758,-0.938,1,D,1.0
nc72322146,CM07A.--.EHZ,-1.0,1,40.16,-123.20783,36.705,82.206,85.5937,295.0576,,,con_p,1.0,1.0,40.473099,-124.084099,-0.311,0,D,0.0
nc72322146,B932.--.EHZ,1.0,1,40.16,-123.20783,36.705,87.065,87.7248,278.4463,,,con_p,1.0,1.0,40.275002,-124.221199,-0.052,1,D,1.0
nc72322146,CM01A.--.EHZ,-1.0,1,40.16,-123.20783,36.705,91.005,89.345,313.4377,,,con_p,1.0,1.0,40.722698,-123.985397,-0.708,1,D,1.0
nc72322146,KCO.--.EHZ,1.0,1,40.16,-123.20783,36.705,90.568,88.9384,276.8222,,,con_p,1.0,1.0,40.256748,-124.265984,-0.892,1,D,1.0
nc72322146,CM10A.--.EHZ,-1.0,1,40.16,-123.20783,36.705,91.484,89.79,281.0087,,,con_p,1.0,1.0,40.317101,-124.264503,-0.068,0,D,0.0
nc72322146,B046.--.EHZ,1.0,1,40.16,-123.20783,36.705,93.239,90.3914,281.138,,,con_p,1.0,1.0,40.321972,-124.284302,-0.044,1,D,1.0
nc72322146,CM04A.--.EHZ,-1.0,1,40.16,-123.20783,36.705,89.839,88.3926,301.5391,,,con_p,1.0,1.0,40.5826,-124.108803,-0.111,0,D,0.0
nc72322146,KHMB.--.HHZ,-1.0,1,40.16,-123.20783,36.705,91.137,89.4672,330.7032,,,con_p,1.0,1.0,40.874748,-123.73259,-1.501,1,D,1.0
nc72322146,CM06A.--.EHZ,-1.0,1,40.16,-123.20783,36.705,93.895,90.456,292.4978,,,con_p,1.0,1.0,40.483101,-124.2286,-0.649,0,D,0.0
nc72322146,CM09A.--.EHZ,-1.0,1,40.16,-123.20783,36.705,97.309,91.2467,281.3421,,,con_p,1.0,1.0,40.3321,-124.330498,-0.218,0,D,0.0
nc72322146,CM08A.--.EHZ,-1.0,1,40.16,-123.20783,36.705,96.233,91.2467,288.5282,,,con_p,1.0,1.0,40.435001,-124.281502,-0.417,0,D,0.0
nc72322146,JCC.00.HHZ,1.0,1,40.16,-123.20783,36.705,101.102,92.333,316.3127,,,con_p,1.0,1.0,40.817451,-124.029549,-0.0272,0,D,0.0
nc72322146,CM02A.--.EHZ,-1.0,1,40.16,-123.20783,36.705,98.847,91.5849,304.2902,,,con_p,1.0,1.0,40.660801,-124.1688,-0.122,0,D,0.0
nc72322146,CM05A.--.EHZ,-1.0,1,40.16,-123.20783,36.705,97.301,91.2467,295.7106,,,con_p,1.0,1.0,40.5396,-124.239403,-0.103,0,D,0.0
nc72322146,KCT.--.HHZ,1.0,1,40.16,-123.20783,36.705,102.215,92.568,290.0784,,,con_p,1.0,1.0,40.475567,-124.337486,-0.378,1,D,1.0
nc72322146,FS04D.--.BHZ,1.0,1,40.16,-123.20783,36.705,110.738,94.4499,275.347,,,con_p,1.0,1.0,40.2528,-124.505203,0.155,1,D,1.0
nc72322146,G01D.--.BHZ,1.0,1,40.16,-123.20783,36.705,119.712,96.5906,261.4475,,,con_p,1.0,1.0,39.999901,-124.6008,1.0067000000000002,1,D,1.0
nc72322146,FS07D.--.BHZ,-1.0,1,40.16,-123.20783,36.705,124.794,97.8163,279.121,,,con_p,1.0,1.0,40.337898,-124.6577,1.2737,0,D,0.0
nc72322146,FS11D.--.HHZ,1.0,1,40.16,-123.20783,36.705,120.169,96.7059,284.3865,,,con_p,1.0,1.0,40.428501,-124.577499,0.15,1,D,1.0
nc72322146,KOM.02.EHZ,-1.0,1,40.16,-123.20783,36.705,126.142,98.2081,350.4895,,,con_p,1.0,1.0,41.278782,-123.453079,-1.866,1,D,1.0
nc72322146,FS15D.--.HHZ,1.0,1,40.16,-123.20783,36.705,117.999,96.1234,288.4825,,,con_p,1.0,1.0,40.496399,-124.524696,0.056,1,D,1.0
nc72322146,FS02D.--.BHZ,1.0,1,40.16,-123.20783,36.705,136.58,100.504,277.7675,,,con_p,1.0,1.0,40.326,-124.800201,0.9479,1,D,1.0
nc72322146,FS06D.--.BHZ,1.0,1,40.16,-123.20783,36.705,137.871,100.7932,279.7515,,,con_p,1.0,1.0,40.369999,-124.806702,1.9467999999999999,1,D,1.0
nc72322146,KRP.--.HHZ,-1.0,1,40.16,-123.20783,36.705,130.806,99.1948,328.0076,,,con_p,1.0,1.0,41.157654,-124.0233,-0.813,1,D,1.0
nc72322146,FS17D.--.HHZ,1.0,1,40.16,-123.20783,36.705,126.151,98.2099,290.6352,,,con_p,1.0,1.0,40.559799,-124.597,0.145,1,D,1.0
nc72322146,FS14D.--.HHZ,-1.0,1,40.16,-123.20783,36.705,124.265,97.6573,287.2992,,,con_p,1.0,1.0,40.492298,-124.603897,0.145,0,D,0.0
nc72322146,FS41D.--.BHZ,1.0,1,40.16,-123.20783,36.705,138.877,100.9787,291.2378,,,con_p,1.0,1.0,40.6124,-124.731003,1.0793,1,D,1.0
nc72322146,FS16D.--.BHZ,1.0,1,40.16,-123.20783,36.705,137.37,100.681,287.8079,,,con_p,1.0,1.0,40.5378,-124.746803,1.0804,1,D,1.0
nc72322146,FS09D.--.BHZ,1.0,1,40.16,-123.20783,36.705,139.095,101.0175,282.8269,,,con_p,1.0,1.0,40.437698,-124.803703,2.1221,1,D,1.0
nc72322146,G09D.--.BHZ,1.0,1,40.16,-123.20783,36.705,140.848,101.3561,293.5708,,,con_p,1.0,1.0,40.6665,-124.726898,0.7162999999999999,1,D,1.0
nc72086051,99640.--.HNZ,1.0,2,40.9835,-124.74983,8.635,53.088,,,,,con_p,1.0,1.0,41.137,-124.151,-0.072,0,n,0.0
nc72086051,89509.--.HNZ,1.0,2,40.9835,-124.74983,8.635,54.403,,,,,con_p,1.0,1.0,40.802,-124.148,-0.007,0,n,0.0
nc72086051,K003.01.HNZ,1.0,2,40.9835,-124.74983,8.635,54.834,,,,,con_p,1.0,1.0,40.935638,-124.099701,-0.036,0,n,0.0
nc72086051,89781.--.HNZ,1.0,2,40.9835,-124.74983,8.635,55.549,,,,,con_p,1.0,1.0,40.7834,-124.1435,-0.035,0,n,0.0
nc72086051,JCC.00.HHZ,1.0,2,40.9835,-124.74983,8.635,63.22,,,,,con_p,1.0,1.0,40.817451,-124.029549,-0.0272,0,n,0.0
nc72086051,K002.01.HNZ,1.0,2,40.9835,-124.74983,8.635,74.467,,,,,con_p,1.0,1.0,41.363411,-124.01931,-0.045,0,n,0.0
nc72086051,KCT.--.HHZ,-1.0,2,40.9835,-124.74983,8.635,66.245,,,,,con_p,1.0,1.0,40.475567,-124.337486,-0.378,0,n,0.0
nc72086051,89255.--.HNZ,1.0,2,40.9835,-124.74983,8.635,66.784,,,,,con_p,1.0,1.0,40.5922,-124.1463,-0.016,0,n,0.0
nc72086051,89462.--.HNZ,1.0,2,40.9835,-124.74983,8.635,76.252,,,,,con_p,1.0,1.0,40.5036,-124.101,-0.043,0,n,0.0
nc72086051,KMPB.--.HHZ,1.0,2,40.9835,-124.74983,8.635,82.184,,,,,con_p,1.0,1.0,40.417194,-124.120758,-0.938,0,n,0.0
nc72086051,B046.--.EHZ,-1.0,2,40.9835,-124.74983,8.635,83.298,,,,,con_p,1.0,1.0,40.321972,-124.284302,-0.044,0,n,0.0
nc72086051,89101.--.HNZ,-1.0,2,40.9835,-124.74983,8.635,82.866,,,,,con_p,1.0,1.0,40.325,-124.2877,-0.037,0,n,0.0
nc72086051,KHMB.--.HHZ,1.0,2,40.9835,-124.74983,8.635,86.244,,,,,con_p,1.0,1.0,40.874748,-123.73259,-1.501,0,n,0.0
nc72086051,B045.--.EHZ,1.0,2,40.9835,-124.74983,8.635,87.782,,,,,con_p,1.0,1.0,40.436001,-123.996498,-0.0294,0,n,0.0
nc72086051,B932.--.EHZ,-1.0,2,40.9835,-124.74983,8.635,90.423,,,,,con_p,1.0,1.0,40.275002,-124.221199,-0.052,0,n,0.0
nc72086051,B047.--.EHZ,-1.0,2,40.9835,-124.74983,8.635,94.997,,,,,con_p,1.0,1.0,40.249933,-124.169848,-0.08,0,n,0.0
nc72086051,K004.01.HNZ,-1.0,2,40.9835,-124.74983,8.635,97.514,,,,,con_p,1.0,1.0,40.246887,-124.119537,-0.17,0,n,0.0
nc72086051,KSM.02.EHZ,-1.0,2,40.9835,-124.74983,8.635,100.854,,,,,con_p,1.0,1.0,40.186806,-124.175682,-0.931,0,n,0.0
nc72086051,KCR.02.EHZ,1.0,2,40.9835,-124.74983,8.635,99.606,,,,,con_p,1.0,1.0,40.426441,-123.820641,-0.873,0,n,0.0
nc72086051,B049.--.EHZ,1.0,2,40.9835,-124.74983,8.635,113.921,,,,,con_p,1.0,1.0,40.237499,-123.819702,-0.117,0,n,0.0
nc72086051,B935.--.EHZ,1.0,2,40.9835,-124.74983,8.635,113.609,,,,,con_p,1.0,1.0,40.478699,-123.573196,-0.6967000000000001,0,n,0.0
nc72086051,KCS.--.EHZ,1.0,2,40.9835,-124.74983,8.635,114.972,,,,,con_p,1.0,1.0,40.53791,-123.513939,-1.64,0,n,0.0
nc72086051,B933.--.EHZ,-1.0,2,40.9835,-124.74983,8.635,121.829,,,,,con_p,1.0,1.0,40.060001,-123.969002,-0.2681,0,n,0.0
nc72086051,KMR.--.HHZ,1.0,2,40.9835,-124.74983,8.635,123.24,,,,,con_p,1.0,1.0,40.202175,-123.708633,-0.915,0,n,0.0
nc72086051,KHBB.--.HHZ,1.0,2,40.9835,-124.74983,8.635,133.395,,,,,con_p,1.0,1.0,40.659901,-123.219658,-1.864,0,n,0.0
nc72086051,KPP.--.EHZ,1.0,2,40.9835,-124.74983,8.635,136.294,,,,,con_p,1.0,1.0,40.345791,-123.363281,-1.738,0,n,0.0
nc72086051,KKP.--.EHZ,1.0,2,40.9835,-124.74983,8.635,142.218,,,,,con_p,1.0,1.0,40.145794,-123.46965,-1.226,0,n,0.0
nc72086051,B934.--.EHZ,1.0,2,40.9835,-124.74983,8.635,154.713,,,,,con_p,1.0,1.0,39.844501,-123.691399,-0.331,0,n,0.0
nc72086051,B046.--.EHZ,-1.0,2,40.9835,-124.74983,8.635,83.298,,,,,con_p,1.0,1.0,40.321972,-124.284302,-0.044,0,n,0.0
nc72086051,KBS.02.EHZ,1.0,2,40.9835,-124.74983,8.635,153.126,,,,,con_p,1.0,1.0,39.917187,-123.595612,-1.12,0,n,0.0
nc72086051,KMPB.--.HHZ,-1.0,2,40.9835,-124.74983,8.635,82.184,,,,,con_p,1.0,1.0,40.417194,-124.120758,-0.938,0,n,0.0
nc72086051,B045.--.EHZ,-1.0,2,40.9835,-124.74983,8.635,87.782,,,,,con_p,1.0,1.0,40.436001,-123.996498,-0.0294,0,n,0.0
nc72086051,KIP.--.EHZ,-1.0,2,40.9835,-124.74983,8.635,168.565,,,,,con_p,1.0,1.0,39.808407,-123.4813,-1.341,0,n,0.0
nc72086051,KBN.--.EHZ,1.0,2,40.9835,-124.74983,8.635,178.204,,,,,con_p,1.0,1.0,39.892372,-123.19503,-1.329,0,n,0.0
nc72086051,KCO.--.EHZ,-1.0,2,40.9835,-124.74983,8.635,90.447,,,,,con_p,1.0,1.0,40.256748,-124.265984,-0.892,0,n,0.0
nc71349716,KHBB.--.HHZ,-1.0,3,40.83117,-123.3385,32.655,21.51,43.5023,152.2994,,,con_p,1.0,1.0,40.659901,-123.219658,-1.864,1,D,1.0
nc71349716,KHMB.--.HHZ,1.0,3,40.83117,-123.3385,32.655,33.51,59.4757,278.3146,,,con_p,1.0,1.0,40.874748,-123.73259,-1.501,1,D,1.0
nc71349716,B935.--.EHZ,1.0,3,40.83117,-123.3385,32.655,43.888,69.1537,206.7397,,,con_p,1.0,1.0,40.478699,-123.573196,-0.6967000000000001,0,D,0.0
nc71349716,JCC.--.HHZ,1.0,3,40.83117,-123.3385,32.655,58.164,78.4211,268.497,,,con_p,1.0,1.0,40.817451,-124.029549,-0.0272,1,D,1.0
nc71349716,KRP.--.HHZ,1.0,3,40.83117,-123.3385,32.655,68.102,83.2591,302.215,,,con_p,1.0,1.0,41.157654,-124.0233,-0.813,1,D,1.0
nc71349716,B045.--.EHZ,1.0,3,40.83117,-123.3385,32.655,70.682,84.2882,231.5601,,,con_p,1.0,1.0,40.436001,-123.996498,-0.0294,1,D,1.0
nc71349716,B049.--.EHZ,-1.0,3,40.83117,-123.3385,32.655,77.443,87.1615,211.5206,,,con_p,1.0,1.0,40.237499,-123.819702,-0.117,1,D,1.0
nc71349716,KMR.--.HHZ,-1.0,3,40.83117,-123.3385,32.655,76.564,86.8248,204.0008,,,con_p,1.0,1.0,40.202175,-123.708633,-0.915,1,D,1.0
nc71349716,KMPB.--.HHZ,1.0,3,40.83117,-123.3385,32.655,80.319,88.0065,235.0304,,,con_p,1.0,1.0,40.417194,-124.120758,-0.938,1,D,1.0
nc71349716,KCT.--.HHZ,1.0,3,40.83117,-123.3385,32.655,92.89,92.3274,244.8052,,,con_p,1.0,1.0,40.475567,-124.337486,-0.378,1,D,1.0
nc71349716,B047.--.EHZ,1.0,3,40.83117,-123.3385,32.655,95.238,92.7888,227.2614,,,con_p,1.0,1.0,40.249933,-124.169848,-0.08,1,D,1.0
nc71349716,B932.--.EHZ,1.0,3,40.83117,-123.3385,32.655,96.648,92.9987,230.2148,,,con_p,1.0,1.0,40.275002,-124.221199,-0.052,1,D,1.0
nc71349716,B046.--.EHZ,1.0,3,40.83117,-123.3385,32.655,97.667,93.3036,234.5667,,,con_p,1.0,1.0,40.321972,-124.284302,-0.044,1,D,1.0
nc71349716,B933.--.EHZ,-1.0,3,40.83117,-123.3385,32.655,100.836,94.211,211.7419,,,con_p,1.0,1.0,40.060001,-123.969002,-0.2681,1,D,1.0
nc71349716,B934.--.EHZ,-1.0,3,40.83117,-123.3385,32.655,113.664,97.4489,195.1429,,,con_p,1.0,1.0,39.844501,-123.691399,-0.331,1,D,1.0
nc73201181,PETL.00.HHZ,1.0,4,40.2735,-124.30033,9.44,3.952,32.636,294.8609,,,con_p,1.0,1.0,40.28844,-124.34259,-0.046799999999999994,0,C,0.0
nc73201181,89101.--.HNZ,-1.0,4,40.2735,-124.30033,9.44,5.826,45.9121,10.5982,,,con_p,1.0,1.0,40.325,-124.2877,-0.037,1,C,1.0
nc73201181,89101.10.HNZ,-1.0,4,40.2735,-124.30033,9.44,5.826,45.9121,10.5982,,,con_p,1.0,1.0,40.325,-124.2877,-0.037,1,C,1.0
nc73201181,KCO.--.HNZ,-1.0,4,40.2735,-124.30033,9.44,3.459,28.7092,122.5896,,,con_p,1.0,1.0,40.256748,-124.265984,-0.892,1,C,1.0
nc73201181,B932.--.EHZ,1.0,4,40.2735,-124.30033,9.44,6.716,51.4678,88.5749,,,con_p,1.0,1.0,40.275002,-124.221199,-0.052,1,C,1.0
nc73201181,B047.--.EHZ,-1.0,4,40.2735,-124.30033,9.44,11.376,75.6407,103.3183,,,con_p,1.0,1.0,40.249933,-124.169848,-0.08,0,C,0.0
nc73201181,KMPB.--.HHZ,1.0,4,40.2735,-124.30033,9.44,22.078,106.9116,43.6355,,,con_p,1.0,1.0,40.417194,-124.120758,-0.938,1,C,1.0
nc73201181,KPR.01.HNZ,-1.0,4,40.2735,-124.30033,9.44,21.471,105.8912,106.2096,,,con_p,1.0,1.0,40.2196,-124.05732,-0.45,0,C,0.0
nc73201181,KCT.--.HHZ,-1.0,4,40.2735,-124.30033,9.44,22.69,107.2519,352.0139,,,con_p,1.0,1.0,40.475567,-124.337486,-0.378,1,C,1.0
nc73201181,1584.10.HNZ,-1.0,4,40.2735,-124.30033,9.44,24.92,108.7294,1.0885,,,con_p,1.0,1.0,40.49756,-124.29475,-0.754,1,C,1.0
nc73201181,B045.--.EHZ,1.0,4,40.2735,-124.30033,9.44,31.48,114.6978,54.9696,,,con_p,1.0,1.0,40.436001,-123.996498,-0.0294,1,C,1.0
nc73201181,89462.--.HNZ,1.0,4,40.2735,-124.30033,9.44,30.671,113.9573,33.4623,,,con_p,1.0,1.0,40.5036,-124.101,-0.043,1,C,1.0
nc73201181,B933.--.EHZ,-1.0,4,40.2735,-124.30033,9.44,36.795,119.5821,130.1832,,,con_p,1.0,1.0,40.060001,-123.969002,-0.2681,1,C,1.0
nc73201181,1023.10.HNZ,-1.0,4,40.2735,-124.30033,9.44,33.789,116.9006,5.2773,,,con_p,1.0,1.0,40.57607,-124.2637,-0.016,1,C,1.0
nc73201181,KBU.01.HNZ,1.0,4,40.2735,-124.30033,9.44,38.063,120.695,94.6871,,,con_p,1.0,1.0,40.24553,-123.8532,-0.577,1,C,1.0
nc73201181,BRIC.00.HHZ,-1.0,4,40.2735,-124.30033,9.44,38.671,121.2219,117.6284,,,con_p,1.0,1.0,40.11223,-123.8965,-0.1805,1,C,1.0
nc73201181,89255.10.HNZ,1.0,4,40.2735,-124.30033,9.44,37.772,120.4406,20.2413,,,con_p,1.0,1.0,40.5922,-124.1463,-0.016,1,C,1.0
nc73201181,89255.--.HNZ,1.0,4,40.2735,-124.30033,9.44,37.772,120.4406,20.2413,,,con_p,1.0,1.0,40.5922,-124.1463,-0.016,1,C,1.0
nc73201181,B049.--.EHZ,1.0,4,40.2735,-124.30033,9.44,40.973,123.1551,95.607,,,con_p,1.0,1.0,40.237499,-123.819702,-0.117,1,C,1.0
nc73201181,KCR.02.EHZ,1.0,4,40.2735,-124.30033,9.44,44.108,125.6968,67.3206,,,con_p,1.0,1.0,40.426441,-123.820641,-0.873,1,C,1.0
nc73201181,1586.10.HNZ,-1.0,4,40.2735,-124.30033,9.44,41.772,123.7968,9.3065,,,con_p,1.0,1.0,40.6442,-124.22071,-0.038,1,C,1.0
nc73201181,1591.10.HNZ,-1.0,4,40.2735,-124.30033,9.44,47.136,127.9067,113.3668,,,con_p,1.0,1.0,40.10538,-123.79032,-0.178,1,C,1.0
nc73201181,1582.10.HNZ,-1.0,4,40.2735,-124.30033,9.44,48.055,128.5681,11.0437,,,con_p,1.0,1.0,40.69765,-124.19183,-0.036,1,C,1.0
nc73201181,KMR.--.HHZ,1.0,4,40.2735,-124.30033,9.44,50.823,130.5102,98.9781,,,con_p,1.0,1.0,40.202175,-123.708633,-0.915,1,C,1.0
nc73201181,1581.10.HNZ,-1.0,4,40.2735,-124.30033,9.44,51.919,131.2131,8.7129,,,con_p,1.0,1.0,40.73501,-124.20763,-0.008,1,C,1.0
nc73201181,B045.--.EHZ,-1.0,4,40.2735,-124.30033,9.44,31.48,114.6978,54.9696,,,con_p,1.0,1.0,40.436001,-123.996498,-0.0294,0,C,0.0
nc73201181,79435.--.HNZ,-1.0,4,40.2735,-124.30033,9.44,60.011,134.9257,130.3906,,,con_p,1.0,1.0,39.9238,-123.7616,-0.245,1,C,1.0
nc73201181,79435.10.HNZ,1.0,4,40.2735,-124.30033,9.44,60.06,134.9257,130.4205,,,con_p,1.0,1.0,39.9233,-123.7614,-0.245,0,C,0.0
nc73201181,JCC.00.HHZ,1.0,4,40.2735,-124.30033,9.44,64.703,134.9388,20.7972,,,con_p,1.0,1.0,40.817451,-124.029549,-0.0272,1,C,1.0
nc73201181,1580.01.HNZ,-1.0,4,40.2735,-124.30033,9.44,69.801,134.9832,15.7233,,,con_p,1.0,1.0,40.87772,-124.07738,-0.052,0,C,0.0
nc73201181,B934.--.EHZ,-1.0,4,40.2735,-124.30033,9.44,70.319,134.9867,132.7189,,,con_p,1.0,1.0,39.844501,-123.691399,-0.331,1,C,1.0
nc73201181,B935.--.EHZ,1.0,4,40.2735,-124.30033,9.44,65.776,134.9508,69.7018,,,con_p,1.0,1.0,40.478699,-123.573196,-0.6967000000000001,1,C,1.0
nc73201181,KBS.02.EHZ,1.0,4,40.2735,-124.30033,9.44,71.727,134.9903,123.532,,,con_p,1.0,1.0,39.917187,-123.595612,-1.12,0,C,0.0
nc73201181,89464.10.HNZ,1.0,4,40.2735,-124.30033,9.44,77.558,135.0674,11.6074,,,con_p,1.0,1.0,40.9567,-124.1164,-0.025,0,C,0.0
nc73201181,89464.--.HNZ,-1.0,4,40.2735,-124.30033,9.44,77.558,135.0674,11.6074,,,con_p,1.0,1.0,40.9567,-124.1164,-0.025,1,C,1.0
nc73201181,KKP.--.EHZ,-1.0,4,40.2735,-124.30033,9.44,71.893,134.9907,101.3925,,,con_p,1.0,1.0,40.145794,-123.46965,-1.226,0,C,0.0
nc73201181,KHMB.--.HHZ,1.0,4,40.2735,-124.30033,9.44,82.403,135.1623,35.7707,,,con_p,1.0,1.0,40.874748,-123.73259,-1.501,1,C,1.0
nc73201181,KPP.--.EHZ,1.0,4,40.2735,-124.30033,9.44,79.906,135.1045,84.2262,,,con_p,1.0,1.0,40.345791,-123.363281,-1.738,1,C,1.0
nc73201181,KIP.--.EHZ,-1.0,4,40.2735,-124.30033,9.44,86.622,135.2481,126.6594,,,con_p,1.0,1.0,39.808407,-123.4813,-1.341,1,C,1.0
nc73201181,KRP.--.HHZ,1.0,4,40.2735,-124.30033,9.44,101.088,135.6324,13.4447,,,con_p,1.0,1.0,41.157654,-124.0233,-0.813,1,C,1.0
nc73201181,KHBB.--.HHZ,1.0,4,40.2735,-124.30033,9.44,101.255,135.6369,64.8904,,,con_p,1.0,1.0,40.659901,-123.219658,-1.864,1,C,1.0
nc73201181,79036.10.HNZ,-1.0,4,40.2735,-124.30033,9.44,103.375,135.7132,120.1198,,,con_p,1.0,1.0,39.807,-123.2464,-0.425,1,C,1.0
nc73201181,79036.--.HNZ,-1.0,4,40.2735,-124.30033,9.44,103.375,135.7132,120.1198,,,con_p,1.0,1.0,39.807,-123.2464,-0.425,1,C,1.0
nc73201181,KBN.--.EHZ,1.0,4,40.2735,-124.30033,9.44,102.908,135.6942,114.3203,,,con_p,1.0,1.0,39.892372,-123.19503,-1.329,0,C,0.0
nc73201181,79435.10.HNZ,-1.0,4,40.2735,-124.30033,9.44,60.06,134.9257,130.4205,,,con_p,1.0,1.0,39.9233,-123.7614,-0.245,1,C,1.0
nc73201181,KOM.02.HNZ,1.0,4,40.2735,-124.30033,9.44,132.904,136.9102,32.7422,,,con_p,1.0,1.0,41.278782,-123.453079,-1.866,1,C,1.0
nc73201181,B046.--.EHZ,1.0,4,40.2735,-124.30033,9.44,5.559,44.0259,14.1595,,,con_p,1.0,1.0,40.321972,-124.284302,-0.044,0,C,0.0
nc73201181,B046.--.EHZ,-1.0,4,40.2735,-124.30033,9.44,5.559,44.0259,14.1595,,,con_p,1.0,1.0,40.321972,-124.284302,-0.044,1,C,1.0
nc72946846,B935.--.EHZ,1.0,5,40.48467,-123.39,30.44,15.508,35.5472,267.5462,,,con_p,1.0,1.0,40.478699,-123.573196,-0.6967000000000001,1,D,1.0
nc72946846,KPP.--.EHZ,-1.0,5,40.48467,-123.39,30.44,15.608,35.7456,171.6751,,,con_p,1.0,1.0,40.345791,-123.363281,-1.738,1,D,1.0
nc72946846,KHBB.--.HHZ,-1.0,5,40.48467,-123.39,30.44,24.233,50.6551,36.4777,,,con_p,1.0,1.0,40.659901,-123.219658,-1.864,0,D,0.0
nc72946846,KCR.02.EHZ,-1.0,5,40.48467,-123.39,30.44,36.993,66.107,259.9194,,,con_p,1.0,1.0,40.426441,-123.820641,-0.873,1,D,1.0
nc72946846,KKP.--.EHZ,1.0,5,40.48467,-123.39,30.44,38.28,67.3213,190.1356,,,con_p,1.0,1.0,40.145794,-123.46965,-1.226,1,D,1.0
nc72946846,KMR.--.HHZ,-1.0,5,40.48467,-123.39,30.44,41.389,70.0343,220.6255,,,con_p,1.0,1.0,40.202175,-123.708633,-0.915,1,D,1.0
nc72946846,B049.--.EHZ,-1.0,5,40.48467,-123.39,30.44,45.566,73.2515,232.9003,,,con_p,1.0,1.0,40.237499,-123.819702,-0.117,1,D,1.0
nc72946846,B045.--.EHZ,-1.0,5,40.48467,-123.39,30.44,51.58,77.1938,263.9772,,,con_p,1.0,1.0,40.436001,-123.996498,-0.0294,1,D,1.0
nc72946846,KHMB.--.HHZ,-1.0,5,40.48467,-123.39,30.44,52.164,77.5442,326.2576,,,con_p,1.0,1.0,40.874748,-123.73259,-1.501,0,D,0.0
nc72946846,KMPB.--.HHZ,-1.0,5,40.48467,-123.39,30.44,62.259,82.9199,263.078,,,con_p,1.0,1.0,40.417194,-124.120758,-0.938,1,D,1.0
nc72946846,JCC.00.HHZ,-1.0,5,40.48467,-123.39,30.44,65.538,84.3276,304.3773,,,con_p,1.0,1.0,40.817451,-124.029549,-0.0272,1,D,1.0
nc72946846,89255.10.HNZ,-1.0,5,40.48467,-123.39,30.44,65.073,84.1136,280.5884,,,con_p,1.0,1.0,40.5922,-124.1463,-0.016,1,D,1.0
nc72946846,B932.--.EHZ,-1.0,5,40.48467,-123.39,30.44,74.065,88.1325,251.6518,,,con_p,1.0,1.0,40.275002,-124.221199,-0.052,1,D,1.0
nc72946846,KBN.--.EHZ,1.0,5,40.48467,-123.39,30.44,67.896,85.24,165.9441,,,con_p,1.0,1.0,39.892372,-123.19503,-1.329,1,D,1.0
nc72946846,B046.--.EHZ,-1.0,5,40.48467,-123.39,30.44,77.771,90.4657,256.5479,,,con_p,1.0,1.0,40.321972,-124.284302,-0.044,1,D,1.0
nc72946846,B934.--.EHZ,1.0,5,40.48467,-123.39,30.44,75.613,88.2267,199.7019,,,con_p,1.0,1.0,39.844501,-123.691399,-0.331,1,D,1.0
nc72946846,KCO.--.HNZ,-1.0,5,40.48467,-123.39,30.44,78.303,90.7658,251.1145,,,con_p,1.0,1.0,40.256748,-124.265984,-0.892,1,D,1.0
nc72946846,KIP.--.EHZ,1.0,5,40.48467,-123.39,30.44,75.596,88.2256,185.8628,,,con_p,1.0,1.0,39.808407,-123.4813,-1.341,1,D,1.0
nc72946846,KCT.--.HHZ,-1.0,5,40.48467,-123.39,30.44,80.141,90.8473,269.2763,,,con_p,1.0,1.0,40.475567,-124.337486,-0.378,1,D,1.0
nc72946846,KRP.--.HHZ,-1.0,5,40.48467,-123.39,30.44,92.029,93.2265,324.4075,,,con_p,1.0,1.0,41.157654,-124.0233,-0.813,1,D,1.0
nc71544046,B046.--.EHZ,-1.0,6,40.62817,-124.70583,9.099,49.244,,,,,con_p,1.0,1.0,40.321972,-124.284302,-0.044,0,n,0.0
nc71544046,B932.--.EHZ,1.0,6,40.62817,-124.70583,9.099,56.702,,,,,con_p,1.0,1.0,40.275002,-124.221199,-0.052,0,n,0.0
nc71544046,KMPB.--.HHZ,1.0,6,40.62817,-124.70583,9.099,54.667,,,,,con_p,1.0,1.0,40.417194,-124.120758,-0.938,0,n,0.0
nc71544046,JCC.00.HHZ,1.0,6,40.62817,-124.70583,9.099,60.832,,,,,con_p,1.0,1.0,40.817451,-124.029549,-0.0272,0,n,0.0
nc71544046,B047.--.EHZ,1.0,6,40.62817,-124.70583,9.099,61.767,,,,,con_p,1.0,1.0,40.249933,-124.169848,-0.08,0,n,0.0
nc71544046,B045.--.EHZ,1.0,6,40.62817,-124.70583,9.099,63.564,,,,,con_p,1.0,1.0,40.436001,-123.996498,-0.0294,0,n,0.0
nc71544046,KRP.--.HHZ,-1.0,6,40.62817,-124.70583,9.099,82.369,,,,,con_p,1.0,1.0,41.157654,-124.0233,-0.813,0,n,0.0
nc71544046,B049.--.EHZ,1.0,6,40.62817,-124.70583,9.099,86.487,,,,,con_p,1.0,1.0,40.237499,-123.819702,-0.117,0,n,0.0
nc71544046,B933.--.EHZ,-1.0,6,40.62817,-124.70583,9.099,88.649,,,,,con_p,1.0,1.0,40.060001,-123.969002,-0.2681,0,n,0.0
nc71544046,KHMB.--.HHZ,1.0,6,40.62817,-124.70583,9.099,86.593,,,,,con_p,1.0,1.0,40.874748,-123.73259,-1.501,0,n,0.0
nc71544046,KMR.--.HHZ,1.0,6,40.62817,-124.70583,9.099,96.575,,,,,con_p,1.0,1.0,40.202175,-123.708633,-0.915,0,n,0.0
nc71544046,B935.--.EHZ,1.0,6,40.62817,-124.70583,9.099,97.023,,,,,con_p,1.0,1.0,40.478699,-123.573196,-0.6967000000000001,0,n,0.0
nc71544046,B046.--.EHZ,-1.0,6,40.62817,-124.70583,9.099,49.244,,,,,con_p,1.0,1.0,40.321972,-124.284302,-0.044,0,n,0.0
nc71544046,B932.--.EHZ,1.0,6,40.62817,-124.70583,9.099,56.702,,,,,con_p,1.0,1.0,40.275002,-124.221199,-0.052,0,n,0.0
nc71544046,B047.--.EHZ,-1.0,6,40.62817,-124.70583,9.099,61.767,,,,,con_p,1.0,1.0,40.249933,-124.169848,-0.08,0,n,0.0
nc71544046,KHBB.--.HHZ,1.0,6,40.62817,-124.70583,9.099,125.476,,,,,con_p,1.0,1.0,40.659901,-123.219658,-1.864,0,n,0.0
nc71544046,B045.--.EHZ,-1.0,6,40.62817,-124.70583,9.099,63.564,,,,,con_p,1.0,1.0,40.436001,-123.996498,-0.0294,0,n,0.0
nc71544046,B935.--.EHZ,1.0,6,40.62817,-124.70583,9.099,97.023,,,,,con_p,1.0,1.0,40.478699,-123.573196,-0.6967000000000001,0,n,0.0
nc73783911,79036.10.HNZ,-1.0,7,39.8005,-123.18617,9.05,5.196,,,,,con_p,1.0,1.0,39.807,-123.2464,-0.425,0,n,0.0
nc73783911,KBN.01.HNZ,1.0,7,39.8005,-123.18617,9.05,10.244,,,,,con_p,1.0,1.0,39.892372,-123.19503,-1.329,0,n,0.0
nc73783911,KIP.01.HNZ,1.0,7,39.8005,-123.18617,9.05,25.229,,,,,con_p,1.0,1.0,39.808517,-123.481293,-1.359,0,n,0.0
nc73783911,B934.--.EHZ,1.0,7,39.8005,-123.18617,9.05,43.439,,,,,con_p,1.0,1.0,39.844501,-123.691399,-0.331,0,n,0.0
nc73783911,HUNT.00.HHZ,-1.0,7,39.8005,-123.18617,9.05,43.387,,,,,con_p,1.0,1.0,40.18942,-123.14557,-1.5387,0,n,0.0
nc73783911,KPPB.01.HNZ,-1.0,7,39.8005,-123.18617,9.05,62.503,,,,,con_p,1.0,1.0,40.34587,-123.36322,-1.738,0,n,0.0
nc73783911,1591.10.HNZ,-1.0,7,39.8005,-123.18617,9.05,61.753,,,,,con_p,1.0,1.0,40.10538,-123.79032,-0.178,0,n,0.0
nc73783911,KMR.--.HHZ,-1.0,7,39.8005,-123.18617,9.05,63.146,,,,,con_p,1.0,1.0,40.202175,-123.708633,-0.915,0,n,0.0
nc73783911,BLAS.00.HHZ,-1.0,7,39.8005,-123.18617,9.05,65.171,,,,,con_p,1.0,1.0,40.3227,-123.53248,-1.678,0,n,0.0
nc73783911,BRIC.00.HHZ,-1.0,7,39.8005,-123.18617,9.05,69.888,,,,,con_p,1.0,1.0,40.11223,-123.8965,-0.1805,0,n,0.0
nc73783911,B049.--.EHZ,-1.0,7,39.8005,-123.18617,9.05,72.738,,,,,con_p,1.0,1.0,40.237499,-123.819702,-0.117,0,n,0.0
nc73783911,B933.--.EHZ,-1.0,7,39.8005,-123.18617,9.05,72.839,,,,,con_p,1.0,1.0,40.060001,-123.969002,-0.2681,0,n,0.0
nc73783911,KBU.01.HNZ,-1.0,7,39.8005,-123.18617,9.05,75.475,,,,,con_p,1.0,1.0,40.24553,-123.8532,-0.577,0,n,0.0
nc73783911,HAYF.00.HHZ,-1.0,7,39.8005,-123.18617,9.05,80.404,,,,,con_p,1.0,1.0,40.5227,-123.23198,-0.7736000000000001,0,n,0.0
nc73783911,89688.10.HNZ,-1.0,7,39.8005,-123.18617,9.05,80.373,,,,,con_p,1.0,1.0,40.0331,-124.0769,-0.028,0,n,0.0
nc73783911,PRDS.00.HHZ,-1.0,7,39.8005,-123.18617,9.05,80.804,,,,,con_p,1.0,1.0,40.10561,-124.04458,-0.7852,0,n,0.0
nc73783911,B935.--.EHZ,1.0,7,39.8005,-123.18617,9.05,82.346,,,,,con_p,1.0,1.0,40.478699,-123.573196,-0.6967000000000001,0,n,0.0
nc73783911,KPR.01.HNZ,1.0,7,39.8005,-123.18617,9.05,87.812,,,,,con_p,1.0,1.0,40.2196,-124.05732,-0.45,0,n,0.0
nc73783911,KCSB.01.HNZ,-1.0,7,39.8005,-123.18617,9.05,86.699,,,,,con_p,1.0,1.0,40.538363,-123.513998,-1.6585,0,n,0.0
nc73783911,KCR.03.HNZ,-1.0,7,39.8005,-123.18617,9.05,88.221,,,,,con_p,1.0,1.0,40.426441,-123.820641,-0.873,0,n,0.0
nc73783911,GHOP.00.HHZ,-1.0,7,39.8005,-123.18617,9.05,87.983,,,,,con_p,1.0,1.0,40.30643,-123.97797,-1.0272000000000001,0,n,0.0
nc73783911,KHBB.--.HHZ,-1.0,7,39.8005,-123.18617,9.05,95.608,,,,,con_p,1.0,1.0,40.659901,-123.219658,-1.864,0,n,0.0
nc73783911,GHOP.00.HHZ,1.0,7,39.8005,-123.18617,9.05,87.983,,,,,con_p,1.0,1.0,40.30643,-123.97797,-1.0272000000000001,0,n,0.0
nc73783911,B932.--.EHZ,-1.0,7,39.8005,-123.18617,9.05,102.971,,,,,con_p,1.0,1.0,40.275002,-124.221199,-0.052,0,n,0.0
nc73783911,RBOW.00.HHZ,-1.0,7,39.8005,-123.18617,9.05,98.873,,,,,con_p,1.0,1.0,40.33467,-124.11136,-1.1,0,n,0.0
nc73783911,KCO.--.HNZ,-1.0,7,39.8005,-123.18617,9.05,105.282,,,,,con_p,1.0,1.0,40.256748,-124.265984,-0.892,0,n,0.0
nc73783911,B045.--.EHZ,-1.0,7,39.8005,-123.18617,9.05,98.927,,,,,con_p,1.0,1.0,40.436001,-123.996498,-0.0294,0,n,0.0
nc73783911,B046.--.EHZ,-1.0,7,39.8005,-123.18617,9.05,110.291,,,,,con_p,1.0,1.0,40.321972,-124.284302,-0.044,0,n,0.0
nc73783911,KMPB.--.HHZ,-1.0,7,39.8005,-123.18617,9.05,105.251,,,,,con_p,1.0,1.0,40.417194,-124.120758,-0.938,0,n,0.0
nc73783911,KNEE.00.HHZ,-1.0,7,39.8005,-123.18617,9.05,118.644,,,,,con_p,1.0,1.0,40.71519,-123.90112,-0.8897999999999999,0,n,0.0
nc73783911,KCT.--.HHZ,1.0,7,39.8005,-123.18617,9.05,123.733,,,,,con_p,1.0,1.0,40.475567,-124.337486,-0.378,0,n,0.0
nc73783911,JCC.00.HHZ,-1.0,7,39.8005,-123.18617,9.05,134.088,,,,,con_p,1.0,1.0,40.817451,-124.029549,-0.0272,0,n,0.0
nc73783911,KHMB.--.HHZ,-1.0,7,39.8005,-123.18617,9.05,128.254,,,,,con_p,1.0,1.0,40.874748,-123.73259,-1.501,0,n,0.0
nc73783911,KRP.--.HHZ,-1.0,7,39.8005,-123.18617,9.05,167.004,,,,,con_p,1.0,1.0,41.157654,-124.0233,-0.813,0,n,0.0
nc73783911,KOM.02.HNZ,1.0,7,39.8005,-123.18617,9.05,165.959,,,,,con_p,1.0,1.0,41.278782,-123.453079,-1.866,0,n,0.0
nc72006040,K002.01.HNZ,1.0,8,41.3455,-123.37617,33.536,53.728,,,,,con_p,1.0,1.0,41.363411,-124.01931,-0.045,0,n,0.0
nc72006040,KHMB.--.HHZ,1.0,8,41.3455,-123.37617,33.536,60.213,,,,,con_p,1.0,1.0,40.874748,-123.73259,-1.501,0,n,0.0
nc72006040,JCC.00.HHZ,1.0,8,41.3455,-123.37617,33.536,80.145,,,,,con_p,1.0,1.0,40.817451,-124.029549,-0.0272,0,n,0.0
nc72006040,KHBB.--.HHZ,1.0,8,41.3455,-123.37617,33.536,77.35,,,,,con_p,1.0,1.0,40.659901,-123.219658,-1.864,0,n,0.0
nc72006040,KCS.--.EHZ,1.0,8,41.3455,-123.37617,33.536,90.538,,,,,con_p,1.0,1.0,40.53791,-123.513939,-1.64,0,n,0.0
nc72006040,B935.--.EHZ,1.0,8,41.3455,-123.37617,33.536,97.782,,,,,con_p,1.0,1.0,40.478699,-123.573196,-0.6967000000000001,0,n,0.0
nc72006040,KCR.02.EHZ,1.0,8,41.3455,-123.37617,33.536,108.727,,,,,con_p,1.0,1.0,40.426441,-123.820641,-0.873,0,n,0.0
nc72006040,B045.--.EHZ,1.0,8,41.3455,-123.37617,33.536,113.624,,,,,con_p,1.0,1.0,40.436001,-123.996498,-0.0294,0,n,0.0
nc72006040,KPP.--.EHZ,1.0,8,41.3455,-123.37617,33.536,111.173,,,,,con_p,1.0,1.0,40.345791,-123.363281,-1.738,0,n,0.0
nc72006040,KMPB.--.HHZ,1.0,8,41.3455,-123.37617,33.536,120.498,,,,,con_p,1.0,1.0,40.417194,-124.120758,-0.938,0,n,0.0
nc72006040,KMPB.--.HHE,-1.0,8,41.3455,-123.37617,33.536,120.498,,,,,con_p,1.0,1.0,40.417194,-124.120758,-0.938,0,n,0.0
nc72006040,KCT.--.HHZ,1.0,8,41.3455,-123.37617,33.536,125.692,,,,,con_p,1.0,1.0,40.475567,-124.337486,-0.378,0,n,0.0
nc72006040,B049.--.EHZ,1.0,8,41.3455,-123.37617,33.536,128.653,,,,,con_p,1.0,1.0,40.237499,-123.819702,-0.117,0,n,0.0
nc72006040,KMR.--.HHZ,1.0,8,41.3455,-123.37617,33.536,130.132,,,,,con_p,1.0,1.0,40.202175,-123.708633,-0.915,0,n,0.0
nc72006040,B046.--.EHZ,1.0,8,41.3455,-123.37617,33.536,136.754,,,,,con_p,1.0,1.0,40.321972,-124.284302,-0.044,0,n,0.0
nc72006040,B932.--.EHZ,1.0,8,41.3455,-123.37617,33.536,138.373,,,,,con_p,1.0,1.0,40.275002,-124.221199,-0.052,0,n,0.0
nc72006040,B047.--.EHZ,1.0,8,41.3455,-123.37617,33.536,138.679,,,,,con_p,1.0,1.0,40.249933,-124.169848,-0.08,0,n,0.0
nc72006040,KCO.--.EHZ,1.0,8,41.3455,-123.37617,33.536,142.042,,,,,con_p,1.0,1.0,40.256748,-124.265984,-0.892,0,n,0.0
nc72006040,KSM.02.EHZ,1.0,8,41.3455,-123.37617,33.536,145.108,,,,,con_p,1.0,1.0,40.186806,-124.175682,-0.931,0,n,0.0
nc72006040,FS06B.--.BHZ,1.0,8,41.3455,-123.37617,33.536,159.176,,,,,con_p,1.0,1.0,40.381199,-124.785301,2.198,0,n,0.0
nc72006040,M14B.--.BHZ,1.0,8,41.3455,-123.37617,33.536,108.951,,,,,con_p,1.0,1.0,40.985001,-124.589699,0.638,0,n,0.0
nc72006040,B933.--.EHZ,1.0,8,41.3455,-123.37617,33.536,151.272,,,,,con_p,1.0,1.0,40.060001,-123.969002,-0.2681,0,n,0.0
nc72006040,FS05B.--.BHZ,1.0,8,41.3455,-123.37617,33.536,165.965,,,,,con_p,1.0,1.0,40.3866,-124.899597,2.316,0,n,0.0
nc72006040,FS01B.--.BHZ,1.0,8,41.3455,-123.37617,33.536,173.428,,,,,con_p,1.0,1.0,40.326801,-124.949203,0.94,0,n,0.0
nc72006040,KBS.02.EHZ,1.0,8,41.3455,-123.37617,33.536,159.881,,,,,con_p,1.0,1.0,39.917187,-123.595612,-1.12,0,n,0.0
nc72006040,KBN.--.EHZ,1.0,8,41.3455,-123.37617,33.536,162.294,,,,,con_p,1.0,1.0,39.892372,-123.19503,-1.329,0,n,0.0
nc72006040,KIP.--.EHZ,1.0,8,41.3455,-123.37617,33.536,171.15,,,,,con_p,1.0,1.0,39.808407,-123.4813,-1.341,0,n,0.0
nc71100926,ME30.01.BHZ,1.0,9,40.90033,-123.72167,4.19,14.63,,,,,con_p,1.0,1.0,40.842999,-123.565002,-0.237,0,n,0.0
nc71100926,JCC.--.HHZ,-1.0,9,40.90033,-123.72167,4.19,27.47,,,,,con_p,1.0,1.0,40.817451,-124.029549,-0.0272,0,n,0.0
nc71100926,ME31.01.BHZ,-1.0,9,40.90033,-123.72167,4.19,27.421,,,,,con_p,1.0,1.0,40.722,-123.946999,-0.82,0,n,0.0
nc71100926,ME32.01.BHZ,-1.0,9,40.90033,-123.72167,4.19,36.314,,,,,con_p,1.0,1.0,40.590698,-123.859001,-0.711,0,n,0.0
nc71100926,ME33.01.BHZ,-1.0,9,40.90033,-123.72167,4.19,46.895,,,,,con_p,1.0,1.0,40.483002,-123.802002,-0.367,0,n,0.0
nc71100926,ME04.01.BHZ,-1.0,9,40.90033,-123.72167,4.19,53.487,,,,,con_p,1.0,1.0,41.355,-123.514,-0.431,0,n,0.0
nc71100926,ME29.01.BHZ,-1.0,9,40.90033,-123.72167,4.19,55.73,,,,,con_p,1.0,1.0,41.141998,-123.1408,-0.725,0,n,0.0
nc71100926,ME35.01.BHZ,-1.0,9,40.90033,-123.72167,4.19,46.46,,,,,con_p,1.0,1.0,40.483002,-123.748001,-0.369,0,n,0.0
nc71100926,ME34.01.BHZ,-1.0,9,40.90033,-123.72167,4.19,57.569,,,,,con_p,1.0,1.0,40.483002,-124.126999,-0.244,0,n,0.0
nc71100926,ME27.01.BHZ,1.0,9,40.90033,-123.72167,4.19,68.869,,,,,con_p,1.0,1.0,40.452999,-123.154999,-0.771,0,n,0.0
nc71100926,ME37.01.BHZ,-1.0,9,40.90033,-123.72167,4.19,68.661,,,,,con_p,1.0,1.0,40.285,-123.653999,-0.501,0,n,0.0
nc71100926,ME36.01.BHZ,-1.0,9,40.90033,-123.72167,4.19,81.484,,,,,con_p,1.0,1.0,40.248199,-124.163803,-0.073,0,n,0.0
nc71100926,ME39.01.BHZ,1.0,9,40.90033,-123.72167,4.19,79.909,,,,,con_p,1.0,1.0,40.188202,-123.594299,-0.341,0,n,0.0
nc71100926,ME08.01.BHZ,-1.0,9,40.90033,-123.72167,4.19,83.164,,,,,con_p,1.0,1.0,40.222,-123.305,-0.835,0,n,0.0
nc71100926,ME38.01.BHZ,-1.0,9,40.90033,-123.72167,4.19,90.762,,,,,con_p,1.0,1.0,40.101002,-123.503197,-0.275,0,n,0.0
nc73629686,B047.--.EHZ,1.0,10,40.24917,-124.16367,11.69,0.531,3.6916,279.1916,,,con_p,1.0,1.0,40.249933,-124.169848,-0.08,0,C,0.0
nc73629686,B932.--.EHZ,1.0,10,40.24917,-124.16367,11.69,5.665,37.1989,300.4689,,,con_p,1.0,1.0,40.275002,-124.221199,-0.052,1,C,1.0
nc73629686,KCO.--.HNZ,1.0,10,40.24917,-124.16367,11.69,8.724,53.3769,275.5427,,,con_p,1.0,1.0,40.256748,-124.265984,-0.892,0,C,0.0
nc73629686,KPR.01.HNZ,-1.0,10,40.24917,-124.16367,11.69,9.606,57.521,110.0164,,,con_p,1.0,1.0,40.2196,-124.05732,-0.45,1,C,1.0
nc73629686,RBOW.00.HHZ,1.0,10,40.24917,-124.16367,11.69,10.493,61.3591,25.0307,,,con_p,1.0,1.0,40.33467,-124.11136,-1.1,1,C,1.0
nc73629686,B046.--.EHZ,1.0,10,40.24917,-124.16367,11.69,13.052,71.1224,308.3339,,,con_p,1.0,1.0,40.321972,-124.284302,-0.044,1,C,1.0
nc73629686,89101.10.HNZ,1.0,10,40.24917,-124.16367,11.69,13.488,72.6468,308.696,,,con_p,1.0,1.0,40.325,-124.2877,-0.037,1,C,1.0
nc73629686,KMPB.--.HHZ,1.0,10,40.24917,-124.16367,11.69,19.036,88.0907,11.0301,,,con_p,1.0,1.0,40.417194,-124.120758,-0.938,1,C,1.0
nc73629686,89688.10.HNZ,-1.0,10,40.24917,-124.16367,11.69,25.13,98.5121,162.9594,,,con_p,1.0,1.0,40.0331,-124.0769,-0.028,0,C,0.0
nc73629686,B045.--.EHZ,-1.0,10,40.24917,-124.16367,11.69,25.158,98.5523,34.3304,,,con_p,1.0,1.0,40.436001,-123.996498,-0.0294,0,C,0.0
nc73629686,B933.--.EHZ,1.0,10,40.24917,-124.16367,11.69,26.748,100.8346,141.8529,,,con_p,1.0,1.0,40.060001,-123.969002,-0.2681,1,C,1.0
nc73629686,KBU.01.HNZ,-1.0,10,40.24917,-124.16367,11.69,26.353,100.2699,90.8801,,,con_p,1.0,1.0,40.24553,-123.8532,-0.577,1,C,1.0
nc73629686,BRIC.00.HHZ,-1.0,10,40.24917,-124.16367,11.69,27.314,101.6436,123.8835,,,con_p,1.0,1.0,40.11223,-123.8965,-0.1805,0,C,0.0
nc73629686,B049.--.EHZ,-1.0,10,40.24917,-124.16367,11.69,29.222,104.3224,92.5455,,,con_p,1.0,1.0,40.237499,-123.819702,-0.117,1,C,1.0
nc73629686,89462.10.HNZ,1.0,10,40.24917,-124.16367,11.69,28.788,103.7195,10.6472,,,con_p,1.0,1.0,40.5036,-124.101,-0.043,1,C,1.0
nc73629686,1584.10.HNZ,1.0,10,40.24917,-124.16367,11.69,29.777,105.0933,338.0616,,,con_p,1.0,1.0,40.49756,-124.29475,-0.754,1,C,1.0
nc73629686,KCT.--.HHZ,1.0,10,40.24917,-124.16367,11.69,29.179,104.2626,329.6306,,,con_p,1.0,1.0,40.475567,-124.337486,-0.378,1,C,1.0
nc73629686,KCR.03.HNZ,-1.0,10,40.24917,-124.16367,11.69,35.16,111.3356,55.8986,,,con_p,1.0,1.0,40.426441,-123.820641,-0.873,1,C,1.0
nc73629686,KMR.--.HHZ,-1.0,10,40.24917,-124.16367,11.69,38.972,115.3171,97.7061,,,con_p,1.0,1.0,40.202175,-123.708633,-0.915,1,C,1.0
nc73629686,1023.10.HNZ,1.0,10,40.24917,-124.16367,11.69,37.33,113.6478,346.8543,,,con_p,1.0,1.0,40.57607,-124.2637,-0.016,1,C,1.0
nc73629686,89255.10.HNZ,-1.0,10,40.24917,-124.16367,11.69,38.173,114.5233,2.2133,,,con_p,1.0,1.0,40.5922,-124.1463,-0.016,0,C,0.0
nc73629686,79435.10.HNZ,1.0,10,40.24917,-124.16367,11.69,49.787,124.7702,136.7051,,,con_p,1.0,1.0,39.9233,-123.7614,-0.245,1,C,1.0
nc73629686,1586.10.HNZ,1.0,10,40.24917,-124.16367,11.69,44.193,120.1984,353.7109,,,con_p,1.0,1.0,40.6442,-124.22071,-0.038,1,C,1.0
nc73629686,1582.10.HNZ,1.0,10,40.24917,-124.16367,11.69,49.928,124.8794,357.2563,,,con_p,1.0,1.0,40.69765,-124.19183,-0.036,1,C,1.0
nc73629686,1581.10.HNZ,1.0,10,40.24917,-124.16367,11.69,54.154,127.9325,356.0494,,,con_p,1.0,1.0,40.73501,-124.20763,-0.008,1,C,1.0
nc73629686,89781.10.HNZ,1.0,10,40.24917,-124.16367,11.69,59.431,128.8606,1.6506,,,con_p,1.0,1.0,40.7834,-124.1435,-0.035,1,C,1.0
nc73629686,B935.--.EHZ,-1.0,10,40.24917,-124.16367,11.69,56.24,128.7345,63.0102,,,con_p,1.0,1.0,40.478699,-123.573196,-0.6967000000000001,1,C,1.0
nc73629686,JCC.00.HHZ,1.0,10,40.24917,-124.16367,11.69,64.21,128.9,10.2114,,,con_p,1.0,1.0,40.817451,-124.029549,-0.0272,1,C,1.0
nc73629686,RVIT.00.HHZ,1.0,10,40.24917,-124.16367,11.69,76.769,129.0797,119.7792,,,con_p,1.0,1.0,39.90629,-123.37859,-0.7817999999999999,1,C,1.0
nc73629686,KIP.01.HNZ,-1.0,10,40.24917,-124.16367,11.69,75.863,129.0643,130.2338,,,con_p,1.0,1.0,39.808517,-123.481293,-1.359,0,C,0.0
nc73629686,KHMB.--.HHZ,1.0,10,40.24917,-124.16367,11.69,78.599,129.12,27.7418,,,con_p,1.0,1.0,40.874748,-123.73259,-1.501,1,C,1.0
nc73629686,HAYF.00.HHZ,1.0,10,40.24917,-124.16367,11.69,84.723,129.2798,68.9605,,,con_p,1.0,1.0,40.5227,-123.23198,-0.7736000000000001,0,C,0.0
nc73629686,KHBB.--.HHZ,1.0,10,40.24917,-124.16367,11.69,92.225,129.5096,60.3144,,,con_p,1.0,1.0,40.659901,-123.219658,-1.864,0,C,0.0
nc73629686,KRP.--.HHZ,1.0,10,40.24917,-124.16367,11.69,101.723,129.8578,6.7257,,,con_p,1.0,1.0,41.157654,-124.0233,-0.813,1,C,1.0
nc73629686,KOM.02.HNZ,1.0,10,40.24917,-124.16367,11.69,129.406,131.2344,27.7782,,,con_p,1.0,1.0,41.278782,-123.453079,-1.866,1,C,1.0
nc73139111,89101.--.HNZ,-1.0,11,40.30067,-124.49467,6.44,17.76,,,,,con_p,1.0,1.0,40.325,-124.2877,-0.037,0,n,0.0
nc73139111,KCO.--.HNZ,-1.0,11,40.30067,-124.49467,6.44,20.0,,,,,con_p,1.0,1.0,40.256748,-124.265984,-0.892,0,n,0.0
nc73139111,B932.--.EHZ,-1.0,11,40.30067,-124.49467,6.44,23.367,,,,,con_p,1.0,1.0,40.275002,-124.221199,-0.052,0,n,0.0
nc73139111,KCT.--.HHZ,-1.0,11,40.30067,-124.49467,6.44,23.579,,,,,con_p,1.0,1.0,40.475567,-124.337486,-0.378,0,n,0.0
nc73139111,B047.--.EHZ,1.0,11,40.30067,-124.49467,6.44,28.119,,,,,con_p,1.0,1.0,40.249933,-124.169848,-0.08,0,n,0.0
nc73139111,1584.10.HNZ,-1.0,11,40.30067,-124.49467,6.44,27.692,,,,,con_p,1.0,1.0,40.49756,-124.29475,-0.754,0,n,0.0
nc73139111,KMPB.--.HHZ,-1.0,11,40.30067,-124.49467,6.44,34.256,,,,,con_p,1.0,1.0,40.417194,-124.120758,-0.938,0,n,0.0
nc73139111,89462.10.HNZ,1.0,11,40.30067,-124.49467,6.44,40.297,,,,,con_p,1.0,1.0,40.5036,-124.101,-0.043,0,n,0.0
nc73139111,B045.--.EHZ,1.0,11,40.30067,-124.49467,6.44,44.849,,,,,con_p,1.0,1.0,40.436001,-123.996498,-0.0294,0,n,0.0
nc73139111,89255.10.HNZ,-1.0,11,40.30067,-124.49467,6.44,43.861,,,,,con_p,1.0,1.0,40.5922,-124.1463,-0.016,0,n,0.0
nc73139111,B046.--.EHZ,-1.0,11,40.30067,-124.49467,6.44,17.997,,,,,con_p,1.0,1.0,40.321972,-124.284302,-0.044,0,n,0.0
nc73139111,1586.10.HNZ,-1.0,11,40.30067,-124.49467,6.44,44.711,,,,,con_p,1.0,1.0,40.6442,-124.22071,-0.038,0,n,0.0
nc73139111,B933.--.EHZ,1.0,11,40.30067,-124.49467,6.44,51.997,,,,,con_p,1.0,1.0,40.060001,-123.969002,-0.2681,0,n,0.0
nc73139111,1582.10.HNZ,1.0,11,40.30067,-124.49467,6.44,51.072,,,,,con_p,1.0,1.0,40.69765,-124.19183,-0.036,0,n,0.0
nc73139111,B049.--.EHZ,1.0,11,40.30067,-124.49467,6.44,57.672,,,,,con_p,1.0,1.0,40.237499,-123.819702,-0.117,0,n,0.0
nc73139111,KCR.02.EHZ,1.0,11,40.30067,-124.49467,6.44,58.849,,,,,con_p,1.0,1.0,40.426441,-123.820641,-0.873,0,n,0.0
nc73139111,89781.10.HNZ,1.0,11,40.30067,-124.49467,6.44,61.388,,,,,con_p,1.0,1.0,40.7834,-124.1435,-0.035,0,n,0.0
nc73139111,1591.10.HNZ,1.0,11,40.30067,-124.49467,6.44,63.559,,,,,con_p,1.0,1.0,40.10538,-123.79032,-0.178,0,n,0.0
nc73139111,JCC.00.HHZ,1.0,11,40.30067,-124.49467,6.44,69.702,,,,,con_p,1.0,1.0,40.817451,-124.029549,-0.0272,0,n,0.0
nc73139111,KMR.--.HHZ,1.0,11,40.30067,-124.49467,6.44,67.556,,,,,con_p,1.0,1.0,40.202175,-123.708633,-0.915,0,n,0.0
nc73139111,1580.01.HNZ,1.0,11,40.30067,-124.49467,6.44,73.28,,,,,con_p,1.0,1.0,40.87772,-124.07738,-0.052,0,n,0.0
nc73139111,79435.10.HNZ,-1.0,11,40.30067,-124.49467,6.44,75.021,,,,,con_p,1.0,1.0,39.9233,-123.7614,-0.245,0,n,0.0
nc73139111,89464.10.HNZ,1.0,11,40.30067,-124.49467,6.44,79.693,,,,,con_p,1.0,1.0,40.9567,-124.1164,-0.025,0,n,0.0
nc73139111,B935.--.EHZ,1.0,11,40.30067,-124.49467,6.44,80.617,,,,,con_p,1.0,1.0,40.478699,-123.573196,-0.6967000000000001,0,n,0.0
nc73139111,B934.--.EHZ,1.0,11,40.30067,-124.49467,6.44,84.935,,,,,con_p,1.0,1.0,39.844501,-123.691399,-0.331,0,n,0.0
nc73139111,KHMB.--.HHZ,1.0,11,40.30067,-124.49467,6.44,90.842,,,,,con_p,1.0,1.0,40.874748,-123.73259,-1.501,0,n,0.0
nc73139111,KRP.--.HHZ,1.0,11,40.30067,-124.49467,6.44,103.342,,,,,con_p,1.0,1.0,41.157654,-124.0233,-0.813,0,n,0.0
nc73139111,KIP.--.EHZ,1.0,11,40.30067,-124.49467,6.44,101.894,,,,,con_p,1.0,1.0,39.808407,-123.4813,-1.341,0,n,0.0
nc73139111,KHBB.--.HHZ,1.0,11,40.30067,-124.49467,6.44,115.274,,,,,con_p,1.0,1.0,40.659901,-123.219658,-1.864,0,n,0.0
nc73139111,KBN.--.EHZ,-1.0,11,40.30067,-124.49467,6.44,119.205,,,,,con_p,1.0,1.0,39.892372,-123.19503,-1.329,0,n,0.0
nc73139526,89781.10.HNZ,1.0,12,40.73117,-124.089,7.9,7.404,,,,,con_p,1.0,1.0,40.7834,-124.1435,-0.035,0,n,0.0
nc73139526,1582.10.HNZ,-1.0,12,40.73117,-124.089,7.9,9.433,,,,,con_p,1.0,1.0,40.69765,-124.19183,-0.036,0,n,0.0
nc73139526,JCC.00.HHZ,-1.0,12,40.73117,-124.089,7.9,10.824,,,,,con_p,1.0,1.0,40.817451,-124.029549,-0.0272,0,n,0.0
nc73139526,1586.10.HNZ,-1.0,12,40.73117,-124.089,7.9,14.721,,,,,con_p,1.0,1.0,40.6442,-124.22071,-0.038,0,n,0.0
nc73139526,1580.01.HNZ,-1.0,12,40.73117,-124.089,7.9,16.326,,,,,con_p,1.0,1.0,40.87772,-124.07738,-0.052,0,n,0.0
nc73139526,89255.10.HNZ,-1.0,12,40.73117,-124.089,7.9,16.19,,,,,con_p,1.0,1.0,40.5922,-124.1463,-0.016,0,n,0.0
nc73139526,1584.10.HNZ,-1.0,12,40.73117,-124.089,7.9,31.232,,,,,con_p,1.0,1.0,40.49756,-124.29475,-0.754,0,n,0.0
nc73139526,B045.--.EHZ,-1.0,12,40.73117,-124.089,7.9,33.736,,,,,con_p,1.0,1.0,40.436001,-123.996498,-0.0294,0,n,0.0
nc73139526,KHMB.--.HHZ,-1.0,12,40.73117,-124.089,7.9,34.013,,,,,con_p,1.0,1.0,40.874748,-123.73259,-1.501,0,n,0.0
nc73139526,KMPB.--.HHZ,-1.0,12,40.73117,-124.089,7.9,35.017,,,,,con_p,1.0,1.0,40.417194,-124.120758,-0.938,0,n,0.0
nc73139526,KCT.--.HHZ,-1.0,12,40.73117,-124.089,7.9,35.303,,,,,con_p,1.0,1.0,40.475567,-124.337486,-0.378,0,n,0.0
nc73139526,KRP.--.HHZ,-1.0,12,40.73117,-124.089,7.9,47.747,,,,,con_p,1.0,1.0,41.157654,-124.0233,-0.813,0,n,0.0
nc73139526,89101.10.HNZ,1.0,12,40.73117,-124.089,7.9,48.17,,,,,con_p,1.0,1.0,40.325,-124.2877,-0.037,0,n,0.0
nc73139526,B935.--.EHZ,-1.0,12,40.73117,-124.089,7.9,51.743,,,,,con_p,1.0,1.0,40.478699,-123.573196,-0.6967000000000001,0,n,0.0
nc73139526,B932.--.EHZ,-1.0,12,40.73117,-124.089,7.9,51.935,,,,,con_p,1.0,1.0,40.275002,-124.221199,-0.052,0,n,0.0
nc73139526,B047.--.EHZ,-1.0,12,40.73117,-124.089,7.9,53.945,,,,,con_p,1.0,1.0,40.249933,-124.169848,-0.08,0,n,0.0
nc73139526,KCO.--.HNZ,-1.0,12,40.73117,-124.089,7.9,54.823,,,,,con_p,1.0,1.0,40.256748,-124.265984,-0.892,0,n,0.0
nc73139526,B049.--.EHZ,-1.0,12,40.73117,-124.089,7.9,59.402,,,,,con_p,1.0,1.0,40.237499,-123.819702,-0.117,0,n,0.0
nc73139526,B045.--.EHZ,-1.0,12,40.73117,-124.089,7.9,33.736,,,,,con_p,1.0,1.0,40.436001,-123.996498,-0.0294,0,n,0.0
nc73139526,KMR.--.HHZ,1.0,12,40.73117,-124.089,7.9,66.99,,,,,con_p,1.0,1.0,40.202175,-123.708633,-0.915,0,n,0.0
nc73139526,KHBB.--.HHZ,-1.0,12,40.73117,-124.089,7.9,73.683,,,,,con_p,1.0,1.0,40.659901,-123.219658,-1.864,0,n,0.0
nc73139526,1591.10.HNZ,1.0,12,40.73117,-124.089,7.9,73.999,,,,,con_p,1.0,1.0,40.10538,-123.79032,-0.178,0,n,0.0
nc73139526,KOM.02.HNZ,1.0,12,40.73117,-124.089,7.9,81.115,,,,,con_p,1.0,1.0,41.278782,-123.453079,-1.866,0,n,0.0
nc73139526,B046.--.EHZ,-1.0,12,40.73117,-124.089,7.9,48.387,,,,,con_p,1.0,1.0,40.321972,-124.284302,-0.044,0,n,0.0
nc73139526,89101.10.HNZ,1.0,12,40.73117,-124.089,7.9,48.17,,,,,con_p,1.0,1.0,40.325,-124.2877,-0.037,0,n,0.0
nc73139526,B047.--.EHZ,-1.0,12,40.73117,-124.089,7.9,53.945,,,,,con_p,1.0,1.0,40.249933,-124.169848,-0.08,0,n,0.0
nc73139526,KBN.--.EHZ,1.0,12,40.73117,-124.089,7.9,119.895,,,,,con_p,1.0,1.0,39.892372,-123.19503,-1.329,0,n,0.0
nc40216664,ME30.01.BHZ,-1.0,13,40.83583,-123.49683,27.755,5.791,15.778,277.913,,,con_p,1.0,1.0,40.842999,-123.565002,-0.237,1,C,1.0
nc40216664,KHMB.--.HHZ,1.0,13,40.83583,-123.49683,27.755,20.302,48.4025,282.3081,,,con_p,1.0,1.0,40.874748,-123.73259,-1.501,0,C,0.0
nc40216664,KHBB.--.HHZ,-1.0,13,40.83583,-123.49683,27.755,30.439,63.415,129.9945,,,con_p,1.0,1.0,40.659901,-123.219658,-1.864,1,C,1.0
nc40216664,ME31.01.BHZ,1.0,13,40.83583,-123.49683,27.755,39.933,72.94,251.5197,,,con_p,1.0,1.0,40.722,-123.946999,-0.82,1,C,1.0
nc40216664,ME29.01.BHZ,1.0,13,40.83583,-123.49683,27.755,45.347,76.962,41.3414,,,con_p,1.0,1.0,41.141998,-123.1408,-0.725,1,C,1.0
nc40216664,JCC.--.HHZ,1.0,13,40.83583,-123.49683,27.755,44.865,76.633,267.3891,,,con_p,1.0,1.0,40.817451,-124.029549,-0.0272,1,C,1.0
nc40216664,ME32.01.BHZ,1.0,13,40.83583,-123.49683,27.755,40.884,73.6855,228.1843,,,con_p,1.0,1.0,40.590698,-123.859001,-0.711,1,C,1.0
nc40216664,ME33.01.BHZ,1.0,13,40.83583,-123.49683,27.755,46.889,77.9695,213.2005,,,con_p,1.0,1.0,40.483002,-123.802002,-0.367,1,C,1.0
nc40216664,ME07.01.BHZ,1.0,13,40.83583,-123.49683,27.755,50.837,80.3462,316.6002,,,con_p,1.0,1.0,41.167999,-123.912003,-0.681,1,C,1.0
nc40216664,ME27.01.BHZ,1.0,13,40.83583,-123.49683,27.755,51.375,80.6581,145.9587,,,con_p,1.0,1.0,40.452999,-123.154999,-0.771,1,C,1.0
nc40216664,ME35.01.BHZ,1.0,13,40.83583,-123.49683,27.755,44.563,76.4265,208.3068,,,con_p,1.0,1.0,40.483002,-123.748001,-0.369,1,C,1.0
nc40216664,KRP.--.HHZ,1.0,13,40.83583,-123.49683,27.755,56.944,83.426,308.9366,,,con_p,1.0,1.0,41.157654,-124.0233,-0.813,1,C,1.0
nc40216664,ME04.01.BHZ,1.0,13,40.83583,-123.49683,27.755,57.75,83.7971,358.5667,,,con_p,1.0,1.0,41.355,-123.514,-0.431,1,C,1.0
nc40216664,ME37.01.BHZ,1.0,13,40.83583,-123.49683,27.755,62.663,86.0303,192.1819,,,con_p,1.0,1.0,40.285,-123.653999,-0.501,1,C,1.0
nc40216664,ME34.01.BHZ,1.0,13,40.83583,-123.49683,27.755,65.956,87.8894,233.4976,,,con_p,1.0,1.0,40.483002,-124.126999,-0.244,1,C,1.0
nc40216664,KMPB.--.HHZ,1.0,13,40.83583,-123.49683,27.755,70.161,89.9662,228.4322,,,con_p,1.0,1.0,40.417194,-124.120758,-0.938,1,C,1.0
nc40216664,ME08.01.BHZ,1.0,13,40.83583,-123.49683,27.755,70.14,89.9632,166.6971,,,con_p,1.0,1.0,40.222,-123.305,-0.835,1,C,1.0
nc40216664,ME39.01.BHZ,1.0,13,40.83583,-123.49683,27.755,72.482,90.2858,186.4961,,,con_p,1.0,1.0,40.188202,-123.594299,-0.341,1,C,1.0
nc40216664,KMR.--.HHZ,1.0,13,40.83583,-123.49683,27.755,72.681,90.3081,194.1922,,,con_p,1.0,1.0,40.202175,-123.708633,-0.915,1,C,1.0
nc40216664,KCT.--.HHZ,1.0,13,40.83583,-123.49683,27.755,81.284,92.6921,240.4717,,,con_p,1.0,1.0,40.475567,-124.337486,-0.378,1,C,1.0
nc40216664,ME38.01.BHZ,1.0,13,40.83583,-123.49683,27.755,81.715,92.7784,180.3756,,,con_p,1.0,1.0,40.101002,-123.503197,-0.275,1,C,1.0
nc40216664,ME36.01.BHZ,1.0,13,40.83583,-123.49683,27.755,86.132,93.7457,220.654,,,con_p,1.0,1.0,40.248199,-124.163803,-0.073,1,C,1.0
nc40216664,ME49.01.BHZ,1.0,13,40.83583,-123.49683,27.755,109.754,99.4228,189.8233,,,con_p,1.0,1.0,39.8633,-123.719398,-0.284,1,C,1.0
nc40216664,ME41.01.BHZ,1.0,13,40.83583,-123.49683,27.755,106.348,98.6862,173.8313,,,con_p,1.0,1.0,39.884998,-123.361,-1.017,1,C,1.0
nc51207076,KRP.--.HHZ,-1.0,14,41.1885,-124.216,15.66,16.487,,,,,con_p,1.0,1.0,41.157654,-124.0233,-0.813,0,n,0.0
nc51207076,ME07.01.BHZ,-1.0,14,41.1885,-124.216,15.66,25.541,,,,,con_p,1.0,1.0,41.167999,-123.912003,-0.681,0,n,0.0
nc51207076,JCC.--.HHZ,1.0,14,41.1885,-124.216,15.66,44.112,,,,,con_p,1.0,1.0,40.817451,-124.029549,-0.0272,0,n,0.0
nc51207076,KHMB.--.HHZ,1.0,14,41.1885,-124.216,15.66,53.42,,,,,con_p,1.0,1.0,40.874748,-123.73259,-1.501,0,n,0.0
nc51207076,ME31.01.BHZ,1.0,14,41.1885,-124.216,15.66,56.549,,,,,con_p,1.0,1.0,40.722,-123.946999,-0.82,0,n,0.0
nc51207076,ME04.01.BHZ,1.0,14,41.1885,-124.216,15.66,61.594,,,,,con_p,1.0,1.0,41.355,-123.514,-0.431,0,n,0.0
nc51207076,ME30.01.BHZ,1.0,14,41.1885,-124.216,15.66,66.662,,,,,con_p,1.0,1.0,40.842999,-123.565002,-0.237,0,n,0.0
nc51207076,ME32.01.BHZ,-1.0,14,41.1885,-124.216,15.66,72.88,,,,,con_p,1.0,1.0,40.590698,-123.859001,-0.711,0,n,0.0
nc51207076,ME34.01.BHZ,-1.0,14,41.1885,-124.216,15.66,78.804,,,,,con_p,1.0,1.0,40.483002,-124.126999,-0.244,0,n,0.0
nc51207076,KCT.--.HHZ,-1.0,14,41.1885,-124.216,15.66,79.927,,,,,con_p,1.0,1.0,40.475567,-124.337486,-0.378,0,n,0.0
nc51207076,KMPB.--.HHZ,-1.0,14,41.1885,-124.216,15.66,86.139,,,,,con_p,1.0,1.0,40.417194,-124.120758,-0.938,0,n,0.0
nc51207076,ME29.01.BHZ,1.0,14,41.1885,-124.216,15.66,90.125,,,,,con_p,1.0,1.0,41.141998,-123.1408,-0.725,0,n,0.0
nc51207076,ME33.01.BHZ,1.0,14,41.1885,-124.216,15.66,85.761,,,,,con_p,1.0,1.0,40.483002,-123.802002,-0.367,0,n,0.0
nc51207076,ME35.01.BHZ,1.0,14,41.1885,-124.216,15.66,87.684,,,,,con_p,1.0,1.0,40.483002,-123.748001,-0.369,0,n,0.0
nc51207076,KHBB.--.HHZ,1.0,14,41.1885,-124.216,15.66,102.014,,,,,con_p,1.0,1.0,40.659901,-123.219658,-1.864,0,n,0.0
nc51207076,ME36.01.BHZ,-1.0,14,41.1885,-124.216,15.66,104.653,,,,,con_p,1.0,1.0,40.248199,-124.163803,-0.073,0,n,0.0
nc51207076,ME37.01.BHZ,1.0,14,41.1885,-124.216,15.66,110.932,,,,,con_p,1.0,1.0,40.285,-123.653999,-0.501,0,n,0.0
nc51207076,ME27.01.BHZ,1.0,14,41.1885,-124.216,15.66,120.717,,,,,con_p,1.0,1.0,40.452999,-123.154999,-0.771,0,n,0.0
nc51207076,ME39.01.BHZ,1.0,14,41.1885,-124.216,15.66,122.799,,,,,con_p,1.0,1.0,40.188202,-123.594299,-0.341,0,n,0.0
nc51207076,ME38.01.BHZ,1.0,14,41.1885,-124.216,15.66,134.841,,,,,con_p,1.0,1.0,40.101002,-123.503197,-0.275,0,n,0.0
nc51207076,ME49.01.BHZ,-1.0,14,41.1885,-124.216,15.66,153.11,,,,,con_p,1.0,1.0,39.8633,-123.719398,-0.284,0,n,0.0
nc51207076,ME08.01.BHZ,1.0,14,41.1885,-124.216,15.66,131.767,,,,,con_p,1.0,1.0,40.222,-123.305,-0.835,0,n,0.0
nc73024816,KHBB.--.HHZ,-1.0,15,40.62567,-123.21117,29.41,3.873,9.959,349.3417,,,con_p,1.0,1.0,40.659901,-123.219658,-1.864,1,C,1.0
nc73024816,KPP.--.EHZ,1.0,15,40.62567,-123.21117,29.41,33.666,64.3336,202.416,,,con_p,1.0,1.0,40.345791,-123.363281,-1.738,0,C,0.0
nc73024816,B935.--.EHZ,1.0,15,40.62567,-123.21117,29.41,34.651,65.3564,241.8583,,,con_p,1.0,1.0,40.478699,-123.573196,-0.6967000000000001,1,C,1.0
nc73024816,KHMB.--.HHZ,1.0,15,40.62567,-123.21117,29.41,51.998,78.761,302.1858,,,con_p,1.0,1.0,40.874748,-123.73259,-1.501,1,C,1.0
nc73024816,KCR.02.EHZ,1.0,15,40.62567,-123.21117,29.41,56.006,80.9752,246.6987,,,con_p,1.0,1.0,40.426441,-123.820641,-0.873,1,C,1.0
nc73024816,KKP.--.EHZ,-1.0,15,40.62567,-123.21117,29.41,57.649,81.8306,202.2355,,,con_p,1.0,1.0,40.145794,-123.46965,-1.226,1,C,1.0
nc73024816,KMR.--.HHZ,-1.0,15,40.62567,-123.21117,29.41,63.091,84.3534,221.7184,,,con_p,1.0,1.0,40.202175,-123.708633,-0.915,0,C,0.0
nc73024816,B049.--.EHZ,1.0,15,40.62567,-123.21117,29.41,67.089,86.0614,229.9548,,,con_p,1.0,1.0,40.237499,-123.819702,-0.117,1,C,1.0
nc73024816,B045.--.EHZ,1.0,15,40.62567,-123.21117,29.41,69.555,87.187,252.3484,,,con_p,1.0,1.0,40.436001,-123.996498,-0.0294,1,C,1.0
nc73024816,JCC.00.HHZ,1.0,15,40.62567,-123.21117,29.41,72.287,88.4598,287.1586,,,con_p,1.0,1.0,40.817451,-124.029549,-0.0272,1,C,1.0
nc73024816,KMPB.--.HHZ,1.0,15,40.62567,-123.21117,29.41,80.192,91.6995,253.1966,,,con_p,1.0,1.0,40.417194,-124.120758,-0.938,1,C,1.0
nc73024816,KBN.--.EHZ,-1.0,15,40.62567,-123.21117,29.41,81.554,91.7713,179.0429,,,con_p,1.0,1.0,39.892372,-123.19503,-1.329,1,C,1.0
nc73024816,KRP.--.HHZ,1.0,15,40.62567,-123.21117,29.41,90.541,93.5341,310.7963,,,con_p,1.0,1.0,41.157654,-124.0233,-0.813,1,C,1.0
nc73024816,B047.--.EHZ,1.0,15,40.62567,-123.21117,29.41,91.062,93.673,242.6884,,,con_p,1.0,1.0,40.249933,-124.169848,-0.08,1,C,1.0
nc73024816,B932.--.EHZ,1.0,15,40.62567,-123.21117,29.41,93.74,94.6109,245.4188,,,con_p,1.0,1.0,40.275002,-124.221199,-0.052,1,C,1.0
nc73024816,KSM.02.EHZ,1.0,15,40.62567,-123.21117,29.41,94.911,94.8928,239.0571,,,con_p,1.0,1.0,40.186806,-124.175682,-0.931,1,C,1.0
nc73024816,B046.--.EHZ,1.0,15,40.62567,-123.21117,29.41,96.662,95.3131,249.551,,,con_p,1.0,1.0,40.321972,-124.284302,-0.044,1,C,1.0
nc73024816,B934.--.EHZ,-1.0,15,40.62567,-123.21117,29.41,95.856,95.0788,205.0132,,,con_p,1.0,1.0,39.844501,-123.691399,-0.331,1,C,1.0
nc73024816,KCT.--.HHZ,1.0,15,40.62567,-123.21117,29.41,96.514,95.2669,260.041,,,con_p,1.0,1.0,40.475567,-124.337486,-0.378,1,C,1.0
nc73311641,B049.--.EHZ,-1.0,16,40.144,-123.844,22.38,10.6,35.8811,11.2358,,,con_p,1.0,1.0,40.237499,-123.819702,-0.117,1,B,1.0
nc73311641,BRIC.00.HHZ,-1.0,16,40.144,-123.844,22.38,5.692,20.151,231.6338,,,con_p,1.0,1.0,40.11223,-123.8965,-0.1805,1,B,1.0
nc73311641,1591.10.HNZ,-1.0,16,40.144,-123.844,22.38,6.266,22.0968,133.2638,,,con_p,1.0,1.0,40.10538,-123.79032,-0.178,1,B,1.0
nc73311641,KBU.01.HNZ,-1.0,16,40.144,-123.844,22.38,11.317,37.9912,356.0376,,,con_p,1.0,1.0,40.24553,-123.8532,-0.577,1,B,1.0
nc73311641,KMR.--.HHZ,-1.0,16,40.144,-123.844,22.38,13.201,43.3049,60.6555,,,con_p,1.0,1.0,40.202175,-123.708633,-0.915,1,B,1.0
nc73311641,B933.--.EHZ,-1.0,16,40.144,-123.844,22.38,14.148,45.8817,228.6824,,,con_p,1.0,1.0,40.060001,-123.969002,-0.2681,1,B,1.0
nc73311641,KPR.01.HNZ,1.0,16,40.144,-123.844,22.38,19.987,59.5651,294.873,,,con_p,1.0,1.0,40.2196,-124.05732,-0.45,1,B,1.0
nc73311641,79435.10.HNZ,1.0,16,40.144,-123.844,22.38,25.526,69.4084,164.0343,,,con_p,1.0,1.0,39.9233,-123.7614,-0.245,0,B,0.0
nc73311641,KPP.--.EHZ,1.0,16,40.144,-123.844,22.38,46.619,87.8041,61.2275,,,con_p,1.0,1.0,40.345791,-123.363281,-1.738,1,B,1.0
nc73311641,KKP.--.EHZ,1.0,16,40.144,-123.844,22.38,31.822,77.5307,89.6408,,,con_p,1.0,1.0,40.145794,-123.46965,-1.226,1,B,1.0
nc73311641,KSM.02.EHZ,1.0,16,40.144,-123.844,22.38,28.593,73.7724,279.5828,,,con_p,1.0,1.0,40.186806,-124.175682,-0.931,1,B,1.0
nc73311641,KCR.02.EHZ,1.0,16,40.144,-123.844,22.38,31.47,77.146,3.6175,,,con_p,1.0,1.0,40.426441,-123.820641,-0.873,0,B,0.0
nc73311641,B047.--.EHZ,1.0,16,40.144,-123.844,22.38,30.099,75.6472,293.0393,,,con_p,1.0,1.0,40.249933,-124.169848,-0.08,1,B,1.0
nc73311641,B932.--.EHZ,1.0,16,40.144,-123.844,22.38,35.218,80.5681,294.4337,,,con_p,1.0,1.0,40.275002,-124.221199,-0.052,1,B,1.0
nc73311641,B045.--.EHZ,1.0,16,40.144,-123.844,22.38,34.962,80.3646,338.237,,,con_p,1.0,1.0,40.436001,-123.996498,-0.0294,1,B,1.0
nc73311641,B934.--.EHZ,-1.0,16,40.144,-123.844,22.38,35.741,80.9858,158.7195,,,con_p,1.0,1.0,39.844501,-123.691399,-0.331,1,B,1.0
nc73311641,KCO.--.HNZ,1.0,16,40.144,-123.844,22.38,37.998,82.79,289.2658,,,con_p,1.0,1.0,40.256748,-124.265984,-0.892,1,B,1.0
nc73311641,KMPB.--.HHZ,1.0,16,40.144,-123.844,22.38,38.423,83.0803,322.2458,,,con_p,1.0,1.0,40.417194,-124.120758,-0.938,1,B,1.0
nc73311641,B046.--.EHZ,1.0,16,40.144,-123.844,22.38,42.338,85.5976,297.8685,,,con_p,1.0,1.0,40.321972,-124.284302,-0.044,1,B,1.0
nc73311641,89101.10.HNZ,1.0,16,40.144,-123.844,22.38,42.751,85.9786,298.0864,,,con_p,1.0,1.0,40.325,-124.2877,-0.037,1,B,1.0
nc73311641,PETL.00.HHZ,1.0,16,40.144,-123.844,22.38,45.324,87.4756,290.7554,,,con_p,1.0,1.0,40.28844,-124.34259,-0.046799999999999994,1,B,1.0
nc73311641,B935.--.EHZ,1.0,16,40.144,-123.844,22.38,43.762,86.9115,31.7366,,,con_p,1.0,1.0,40.478699,-123.573196,-0.6967000000000001,1,B,1.0
nc73311641,KIP.01.HNZ,1.0,16,40.144,-123.844,22.38,48.397,88.2329,140.4277,,,con_p,1.0,1.0,39.808517,-123.481293,-1.359,1,B,1.0
nc73311641,89462.10.HNZ,-1.0,16,40.144,-123.844,22.38,45.566,87.5387,331.3512,,,con_p,1.0,1.0,40.5036,-124.101,-0.043,0,B,0.0
nc73311641,RVIT.00.HHZ,1.0,16,40.144,-123.844,22.38,47.58,88.041,123.749,,,con_p,1.0,1.0,39.90629,-123.37859,-0.7817999999999999,1,B,1.0
nc73311641,1584.10.HNZ,1.0,16,40.144,-123.844,22.38,54.898,90.622,315.7382,,,con_p,1.0,1.0,40.49756,-124.29475,-0.754,1,B,1.0
nc73311641,89255.10.HNZ,-1.0,16,40.144,-123.844,22.38,56.074,91.0761,332.725,,,con_p,1.0,1.0,40.5922,-124.1463,-0.016,0,B,0.0
nc73311641,KCT.--.HHZ,1.0,16,40.144,-123.844,22.38,55.849,91.0048,311.3136,,,con_p,1.0,1.0,40.475567,-124.337486,-0.378,1,B,1.0
nc73311641,KBN.--.EHZ,1.0,16,40.144,-123.844,22.38,61.856,92.8451,116.8952,,,con_p,1.0,1.0,39.892372,-123.19503,-1.329,1,B,1.0
nc73311641,DMOR.00.HHZ,-1.0,16,40.144,-123.844,22.38,64.036,93.0685,10.7637,,,con_p,1.0,1.0,40.70973,-123.70331,-1.305,1,B,1.0
nc73311641,HAYF.00.HHZ,1.0,16,40.144,-123.844,22.38,66.932,93.8662,51.0113,,,con_p,1.0,1.0,40.5227,-123.23198,-0.7736000000000001,1,B,1.0
nc73311641,JCC.00.HHZ,-1.0,16,40.144,-123.844,22.38,76.531,96.0565,348.1065,,,con_p,1.0,1.0,40.817451,-124.029549,-0.0272,1,B,1.0
nc73311641,KHBB.--.HHZ,1.0,16,40.144,-123.844,22.38,78.152,96.3693,42.7721,,,con_p,1.0,1.0,40.659901,-123.219658,-1.864,1,B,1.0
nc73311641,KHMB.--.HHZ,-1.0,16,40.144,-123.844,22.38,81.809,97.1396,6.6475,,,con_p,1.0,1.0,40.874748,-123.73259,-1.501,1,B,1.0
nc73311641,KRP.--.HHZ,-1.0,16,40.144,-123.844,22.38,113.744,103.5152,352.2994,,,con_p,1.0,1.0,41.157654,-124.0233,-0.813,1,B,1.0
nc73311641,HAYF.00.HHZ,1.0,16,40.144,-123.844,22.38,66.932,93.8662,51.0113,,,con_p,1.0,1.0,40.5227,-123.23198,-0.7736000000000001,1,B,1.0
nc71872550,KHMB.--.HHZ,1.0,17,40.97367,-123.69967,11.475,11.342,,,,,con_p,1.0,1.0,40.874748,-123.73259,-1.501,0,n,0.0
nc71872550,JCC.00.HHZ,-1.0,17,40.97367,-123.69967,11.475,32.693,,,,,con_p,1.0,1.0,40.817451,-124.029549,-0.0272,0,n,0.0
nc71872550,KRP.--.HHZ,-1.0,17,40.97367,-123.69967,11.475,34.012,,,,,con_p,1.0,1.0,41.157654,-124.0233,-0.813,0,n,0.0
nc71872550,KOM.--.EHZ,-1.0,17,40.97367,-123.69967,11.475,39.737,,,,,con_p,1.0,1.0,41.278717,-123.453148,-1.844,0,n,0.0
nc71872550,KCS.--.EHZ,1.0,17,40.97367,-123.69967,11.475,50.904,,,,,con_p,1.0,1.0,40.53791,-123.513939,-1.64,0,n,0.0
nc71872550,KHBB.--.HHZ,1.0,17,40.97367,-123.69967,11.475,53.306,,,,,con_p,1.0,1.0,40.659901,-123.219658,-1.864,0,n,0.0
nc71872550,B935.--.EHZ,-1.0,17,40.97367,-123.69967,11.475,56.056,,,,,con_p,1.0,1.0,40.478699,-123.573196,-0.6967000000000001,0,n,0.0
nc71872550,KCR.02.EHZ,1.0,17,40.97367,-123.69967,11.475,61.694,,,,,con_p,1.0,1.0,40.426441,-123.820641,-0.873,0,n,0.0
nc71872550,B045.--.EHZ,-1.0,17,40.97367,-123.69967,11.475,64.775,,,,,con_p,1.0,1.0,40.436001,-123.996498,-0.0294,0,n,0.0
nc71872550,KMPB.--.HHZ,-1.0,17,40.97367,-123.69967,11.475,71.267,,,,,con_p,1.0,1.0,40.417194,-124.120758,-0.938,0,n,0.0
nc71872550,KCT.--.HHZ,1.0,17,40.97367,-123.69967,11.475,77.042,,,,,con_p,1.0,1.0,40.475567,-124.337486,-0.378,0,n,0.0
nc71872550,M14B.--.BHZ,1.0,17,40.97367,-123.69967,11.475,74.735,,,,,con_p,1.0,1.0,40.985001,-124.589699,0.638,0,n,0.0
nc71872550,B049.--.EHZ,1.0,17,40.97367,-123.69967,11.475,82.48,,,,,con_p,1.0,1.0,40.237499,-123.819702,-0.117,0,n,0.0
nc71872550,B046.--.EHZ,1.0,17,40.97367,-123.69967,11.475,87.527,,,,,con_p,1.0,1.0,40.321972,-124.284302,-0.044,0,n,0.0
nc71872550,B932.--.EHZ,1.0,17,40.97367,-123.69967,11.475,89.181,,,,,con_p,1.0,1.0,40.275002,-124.221199,-0.052,0,n,0.0
nc71872550,B047.--.EHZ,1.0,17,40.97367,-123.69967,11.475,89.639,,,,,con_p,1.0,1.0,40.249933,-124.169848,-0.08,0,n,0.0
nc71872550,B933.--.EHZ,1.0,17,40.97367,-123.69967,11.475,104.086,,,,,con_p,1.0,1.0,40.060001,-123.969002,-0.2681,0,n,0.0
nc73118836,KHMB.--.HHZ,-1.0,18,40.98183,-123.57883,27.47,17.561,,,,,con_p,1.0,1.0,40.874748,-123.73259,-1.501,0,n,0.0
nc73118836,KOM.02.HNZ,-1.0,18,40.98183,-123.57883,27.47,34.667,,,,,con_p,1.0,1.0,41.278782,-123.453079,-1.866,0,n,0.0
nc73118836,JCC.00.HHZ,1.0,18,40.98183,-123.57883,27.47,42.02,,,,,con_p,1.0,1.0,40.817451,-124.029549,-0.0272,0,n,0.0
nc73118836,KRP.--.HHZ,1.0,18,40.98183,-123.57883,27.47,42.124,,,,,con_p,1.0,1.0,41.157654,-124.0233,-0.813,0,n,0.0
nc73118836,89464.10.HNZ,-1.0,18,40.98183,-123.57883,27.47,45.214,,,,,con_p,1.0,1.0,40.9567,-124.1164,-0.025,0,n,0.0
nc73118836,KHBB.--.HHZ,1.0,18,40.98183,-123.57883,27.47,46.804,,,,,con_p,1.0,1.0,40.659901,-123.219658,-1.864,0,n,0.0
nc73118836,B935.--.EHZ,-1.0,18,40.98183,-123.57883,27.47,55.95,,,,,con_p,1.0,1.0,40.478699,-123.573196,-0.6967000000000001,0,n,0.0
nc73118836,1582.10.HNZ,-1.0,18,40.98183,-123.57883,27.47,60.388,,,,,con_p,1.0,1.0,40.69765,-124.19183,-0.036,0,n,0.0
nc73118836,1586.10.HNZ,1.0,18,40.98183,-123.57883,27.47,65.674,,,,,con_p,1.0,1.0,40.6442,-124.22071,-0.038,0,n,0.0
nc73118836,KCR.02.EHZ,1.0,18,40.98183,-123.57883,27.47,65.01,,,,,con_p,1.0,1.0,40.426441,-123.820641,-0.873,0,n,0.0
nc73118836,B045.--.EHZ,1.0,18,40.98183,-123.57883,27.47,70.095,,,,,con_p,1.0,1.0,40.436001,-123.996498,-0.0294,0,n,0.0
nc73118836,89462.10.HNZ,-1.0,18,40.98183,-123.57883,27.47,68.917,,,,,con_p,1.0,1.0,40.5036,-124.101,-0.043,0,n,0.0
nc73118836,1746.--.HNZ,1.0,18,40.98183,-123.57883,27.47,64.727,,,,,con_p,1.0,1.0,40.58908,-124.1479,-0.016,0,n,0.0
nc73118836,KPP.--.EHZ,-1.0,18,40.98183,-123.57883,27.47,73.005,,,,,con_p,1.0,1.0,40.345791,-123.363281,-1.738,0,n,0.0
nc73118836,KMPB.--.HHZ,1.0,18,40.98183,-123.57883,27.47,77.536,,,,,con_p,1.0,1.0,40.417194,-124.120758,-0.938,0,n,0.0
nc73118836,1584.10.HNZ,1.0,18,40.98183,-123.57883,27.47,80.696,,,,,con_p,1.0,1.0,40.49756,-124.29475,-0.754,0,n,0.0
nc73118836,KCT.--.HHZ,1.0,18,40.98183,-123.57883,27.47,85.002,,,,,con_p,1.0,1.0,40.475567,-124.337486,-0.378,0,n,0.0
nc73118836,KMR.--.HHZ,-1.0,18,40.98183,-123.57883,27.47,87.38,,,,,con_p,1.0,1.0,40.202175,-123.708633,-0.915,0,n,0.0
nc73118836,B933.--.EHZ,1.0,18,40.98183,-123.57883,27.47,107.613,,,,,con_p,1.0,1.0,40.060001,-123.969002,-0.2681,0,n,0.0
nc73118836,B932.--.EHZ,1.0,18,40.98183,-123.57883,27.47,95.319,,,,,con_p,1.0,1.0,40.275002,-124.221199,-0.052,0,n,0.0
nc73118836,89101.10.HNZ,1.0,18,40.98183,-123.57883,27.47,94.212,,,,,con_p,1.0,1.0,40.325,-124.2877,-0.037,0,n,0.0
nc73118836,KCO.--.HNZ,1.0,18,40.98183,-123.57883,27.47,99.139,,,,,con_p,1.0,1.0,40.256748,-124.265984,-0.892,0,n,0.0
nc73118836,B046.--.EHZ,1.0,18,40.98183,-123.57883,27.47,94.294,,,,,con_p,1.0,1.0,40.321972,-124.284302,-0.044,0,n,0.0
nc73118836,KBN.--.EHZ,1.0,18,40.98183,-123.57883,27.47,125.359,,,,,con_p,1.0,1.0,39.892372,-123.19503,-1.329,0,n,0.0
