event_id,event_id2,station,location,channel,p_polarity,origin_latitude,origin_longitude,origin_depth_km
1,,ME63,01,BHZ,1.0,40.8358333,-123.4968333,27.755
1,,ME57,01,BHZ,1.0,40.8358333,-123.4968333,27.755
1,,ME07,01,BHZ,1.0,40.8358333,-123.4968333,27.755
1,,ME04,01,BHZ,1.0,40.8358333,-123.4968333,27.755
1,,ME03,01,BHZ,-1.0,40.8358333,-123.4968333,27.755
1,,ME01,01,BHZ,-1.0,40.8358333,-123.4968333,27.755
1,,KSXB,--,HHZ,-1.0,40.8358333,-123.4968333,27.755
1,,KRP,--,HHZ,1.0,40.8358333,-123.4968333,27.755
1,,KRMB,--,HHZ,-1.0,40.8358333,-123.4968333,27.755
1,,KMR,--,HHZ,1.0,40.8358333,-123.4968333,27.755
1,,KMPB,--,HHZ,1.0,40.8358333,-123.4968333,27.755
1,,KHMB,--,HHZ,1.0,40.8358333,-123.4968333,27.755
1,,KHBB,--,HHZ,-1.0,40.8358333,-123.4968333,27.755
1,,KCT,--,HHZ,1.0,40.8358333,-123.4968333,27.755
1,,KCPB,--,HHZ,1.0,40.8358333,-123.4968333,27.755
1,,GWR,--,EHZ,-1.0,40.8358333,-123.4968333,27.755
1,,GVV,--,EHZ,-1.0,40.8358333,-123.4968333,27.755
1,,GTS,--,EHZ,1.0,40.8358333,-123.4968333,27.755
1,,GRO,--,EHZ,1.0,40.8358333,-123.4968333,27.755
1,,GHM,--,EHZ,1.0,40.8358333,-123.4968333,27.755
1,,GHL,--,EHZ,1.0,40.8358333,-123.4968333,27.755
1,,GHG,--,EHZ,-1.0,40.8358333,-123.4968333,27.755
1,,GCW,--,EHZ,-1.0,40.8358333,-123.4968333,27.755
1,,YBH,--,HHZ,1.0,40.8358333,-123.4968333,27.755
1,,WDC,--,HHZ,1.0,40.8358333,-123.4968333,27.755
1,,JCC,--,HHZ,1.0,40.8358333,-123.4968333,27.755
1,,ME08,01,BHZ,1.0,40.8358333,-123.4968333,27.755
1,,GASB,--,HHZ,1.0,40.8358333,-123.4968333,27.755
1,,ME09,01,BHZ,1.0,40.8358333,-123.4968333,27.755
1,,ME27,01,BHZ,-1.0,40.8358333,-123.4968333,27.755
1,,ME54,01,BHZ,-1.0,40.8358333,-123.4968333,27.755
1,,ME52,01,BHZ,1.0,40.8358333,-123.4968333,27.755
1,,ME50,01,BHZ,1.0,40.8358333,-123.4968333,27.755
1,,ME49,01,BHZ,1.0,40.8358333,-123.4968333,27.755
1,,ME47,01,BHZ,1.0,40.8358333,-123.4968333,27.755
1,,ME46,01,BHZ,1.0,40.8358333,-123.4968333,27.755
1,,ME45,01,BHZ,1.0,40.8358333,-123.4968333,27.755
1,,ME44,01,BHZ,1.0,40.8358333,-123.4968333,27.755
1,,ME43,01,BHZ,1.0,40.8358333,-123.4968333,27.755
1,,ME42,01,BHZ,1.0,40.8358333,-123.4968333,27.755
1,,ME41,01,BHZ,1.0,40.8358333,-123.4968333,27.755
1,,ME39,01,BHZ,1.0,40.8358333,-123.4968333,27.755
1,,ME38,01,BHZ,1.0,40.8358333,-123.4968333,27.755
1,,ME37,01,BHZ,1.0,40.8358333,-123.4968333,27.755
1,,ME36,01,BHZ,1.0,40.8358333,-123.4968333,27.755
1,,ME35,01,BHZ,1.0,40.8358333,-123.4968333,27.755
1,,ME34,01,BHZ,1.0,40.8358333,-123.4968333,27.755
1,,ME33,01,BHZ,1.0,40.8358333,-123.4968333,27.755
1,,ME32,01,BHZ,1.0,40.8358333,-123.4968333,27.755
1,,ME31,01,BHZ,1.0,40.8358333,-123.4968333,27.755
1,,ME30,01,BHZ,-1.0,40.8358333,-123.4968333,27.755
1,,ME29,01,BHZ,1.0,40.8358333,-123.4968333,27.755
1,,ME13,01,BHZ,1.0,40.8358333,-123.4968333,27.755
2,,ME09,01,BHZ,1.0,40.4995,-123.9648333,19.319
2,,ME08,01,BHZ,1.0,40.4995,-123.9648333,19.319
2,,ME07,01,BHZ,-1.0,40.4995,-123.9648333,19.319
2,,ME04,01,BHZ,1.0,40.4995,-123.9648333,19.319
2,,ME03,01,BHZ,-1.0,40.4995,-123.9648333,19.319
2,,KSXB,--,HHZ,-1.0,40.4995,-123.9648333,19.319
2,,ME01,01,BHZ,-1.0,40.4995,-123.9648333,19.319
2,,ME13,01,BHZ,1.0,40.4995,-123.9648333,19.319
2,,ME44,01,BHZ,-1.0,40.4995,-123.9648333,19.319
2,,ME29,01,BHZ,1.0,40.4995,-123.9648333,19.319
2,,ME30,01,BHZ,1.0,40.4995,-123.9648333,19.319
2,,ME31,01,BHZ,-1.0,40.4995,-123.9648333,19.319
2,,ME33,01,BHZ,1.0,40.4995,-123.9648333,19.319
2,,ME34,01,BHZ,1.0,40.4995,-123.9648333,19.319
2,,ME35,01,BHZ,1.0,40.4995,-123.9648333,19.319
2,,KRP,--,HHZ,-1.0,40.4995,-123.9648333,19.319
2,,ME45,01,BHZ,-1.0,40.4995,-123.9648333,19.319
2,,ME36,01,BHZ,1.0,40.4995,-123.9648333,19.319
2,,ME43,01,BHZ,-1.0,40.4995,-123.9648333,19.319
2,,ME42,01,BHZ,-1.0,40.4995,-123.9648333,19.319
2,,ME39,01,BHZ,-1.0,40.4995,-123.9648333,19.319
2,,ME27,01,BHZ,1.0,40.4995,-123.9648333,19.319
2,,KHMB,--,HHZ,-1.0,40.4995,-123.9648333,19.319
2,,KMR,--,HHZ,-1.0,40.4995,-123.9648333,19.319
2,,ME57,01,BHZ,1.0,40.4995,-123.9648333,19.319
2,,ME56,01,BHZ,1.0,40.4995,-123.9648333,19.319
2,,ME54,01,BHZ,-1.0,40.4995,-123.9648333,19.319
2,,ME53,01,BHZ,-1.0,40.4995,-123.9648333,19.319
2,,ME52,01,BHZ,-1.0,40.4995,-123.9648333,19.319
2,,ME50,01,BHZ,-1.0,40.4995,-123.9648333,19.319
2,,ME49,01,BHZ,-1.0,40.4995,-123.9648333,19.319
2,,ME46,01,BHZ,-1.0,40.4995,-123.9648333,19.319
2,,GASB,--,HHZ,-1.0,40.4995,-123.9648333,19.319
2,,JCC,--,HHZ,-1.0,40.4995,-123.9648333,19.319
2,,KRMB,--,HHZ,-1.0,40.4995,-123.9648333,19.319
2,,WDC,--,HHZ,1.0,40.4995,-123.9648333,19.319
2,,GHG,--,EHZ,1.0,40.4995,-123.9648333,19.319
2,,GHL,--,EHZ,-1.0,40.4995,-123.9648333,19.319
2,,GHM,--,EHZ,1.0,40.4995,-123.9648333,19.319
2,,GHO,--,EHZ,-1.0,40.4995,-123.9648333,19.319
2,,GNA,02,EHZ,1.0,40.4995,-123.9648333,19.319
2,,GWR,--,EHZ,1.0,40.4995,-123.9648333,19.319
2,,KCPB,--,HHZ,1.0,40.4995,-123.9648333,19.319
2,,KCT,--,HHZ,1.0,40.4995,-123.9648333,19.319
2,,KHBB,--,HHZ,1.0,40.4995,-123.9648333,19.319
2,,ME38,01,BHZ,-1.0,40.4995,-123.9648333,19.319
2,,KMPB,--,HHZ,1.0,40.4995,-123.9648333,19.319
2,,YBH,--,HHZ,-1.0,40.4995,-123.9648333,19.319
2,,ME37,01,BHZ,1.0,40.4995,-123.9648333,19.319
3,,ME31,01,BHZ,1.0,41.4356667,-123.3888333,38.139
3,,ME32,01,BHZ,1.0,41.4356667,-123.3888333,38.139
3,,ME33,01,BHZ,-1.0,41.4356667,-123.3888333,38.139
3,,ME34,01,BHZ,1.0,41.4356667,-123.3888333,38.139
3,,ME35,01,BHZ,-1.0,41.4356667,-123.3888333,38.139
3,,ME36,01,BHZ,1.0,41.4356667,-123.3888333,38.139
3,,ME07,01,BHZ,1.0,41.4356667,-123.3888333,38.139
3,,ME38,01,BHZ,1.0,41.4356667,-123.3888333,38.139
3,,ME39,01,BHZ,1.0,41.4356667,-123.3888333,38.139
3,,KRP,--,HHZ,1.0,41.4356667,-123.3888333,38.139
3,,KSXB,--,HHZ,-1.0,41.4356667,-123.3888333,38.139
3,,B045,--,EHZ,1.0,41.4356667,-123.3888333,38.139
3,,ME49,01,BHZ,1.0,41.4356667,-123.3888333,38.139
3,,ME30,01,BHZ,1.0,41.4356667,-123.3888333,38.139
3,,ME04,01,BHZ,1.0,41.4356667,-123.3888333,38.139
3,,KMR,--,HHZ,1.0,41.4356667,-123.3888333,38.139
3,,KRMB,--,HHZ,-1.0,41.4356667,-123.3888333,38.139
3,,ME03,01,BHZ,-1.0,41.4356667,-123.3888333,38.139
3,,ME01,01,BHZ,1.0,41.4356667,-123.3888333,38.139
3,,B935,--,EHZ,1.0,41.4356667,-123.3888333,38.139
3,,B933,--,EHZ,1.0,41.4356667,-123.3888333,38.139
3,,B049,--,EHZ,1.0,41.4356667,-123.3888333,38.139
3,,B047,--,EHZ,1.0,41.4356667,-123.3888333,38.139
3,,B046,--,EHZ,1.0,41.4356667,-123.3888333,38.139
3,,ME08,01,BHZ,1.0,41.4356667,-123.3888333,38.139
3,,ME13,01,BHZ,1.0,41.4356667,-123.3888333,38.139
3,,ME37,01,BHZ,1.0,41.4356667,-123.3888333,38.139
3,,ME29,01,BHZ,-1.0,41.4356667,-123.3888333,38.139
3,,ME27,01,BHZ,1.0,41.4356667,-123.3888333,38.139
3,,KMPB,--,HHZ,1.0,41.4356667,-123.3888333,38.139
3,,JCC,--,HHZ,1.0,41.4356667,-123.3888333,38.139
3,,YBH,--,HHZ,1.0,41.4356667,-123.3888333,38.139
3,,KHBB,--,HHZ,1.0,41.4356667,-123.3888333,38.139
3,,KHMB,--,HHZ,1.0,41.4356667,-123.3888333,38.139
3,,WDC,--,HHZ,-1.0,41.4356667,-123.3888333,38.139
4,,ME08,01,BHZ,-1.0,41.0988333,-123.2238333,35.504
4,,ME09,01,BHZ,-1.0,41.0988333,-123.2238333,35.504
4,,JCC,--,HHZ,1.0,41.0988333,-123.2238333,35.504
4,,WDC,--,HHZ,-1.0,41.0988333,-123.2238333,35.504
4,,ME39,01,BHZ,1.0,41.0988333,-123.2238333,35.504
4,,YBH,--,HHZ,1.0,41.0988333,-123.2238333,35.504
4,,ME13,01,BHZ,-1.0,41.0988333,-123.2238333,35.504
4,,ME01,01,BHZ,1.0,41.0988333,-123.2238333,35.504
4,,KSXB,--,HHZ,1.0,41.0988333,-123.2238333,35.504
4,,KRMB,--,HHZ,-1.0,41.0988333,-123.2238333,35.504
4,,KHMB,--,HHZ,1.0,41.0988333,-123.2238333,35.504
4,,KHBB,--,HHZ,-1.0,41.0988333,-123.2238333,35.504
4,,ME27,01,BHZ,-1.0,41.0988333,-123.2238333,35.504
4,,ME29,01,BHZ,-1.0,41.0988333,-123.2238333,35.504
4,,ME30,01,BHZ,1.0,41.0988333,-123.2238333,35.504
4,,ME31,01,BHZ,1.0,41.0988333,-123.2238333,35.504
4,,ME32,01,BHZ,-1.0,41.0988333,-123.2238333,35.504
4,,ME03,01,BHZ,-1.0,41.0988333,-123.2238333,35.504
5,,GWR,--,EHZ,-1.0,41.1885,-124.216,15.66
5,,KMR,--,HHZ,1.0,41.1885,-124.216,15.66
5,,GASB,--,HHZ,1.0,41.1885,-124.216,15.66
5,,JCC,--,HHZ,1.0,41.1885,-124.216,15.66
5,,WDC,--,HHZ,1.0,41.1885,-124.216,15.66
5,,YBH,--,HHZ,1.0,41.1885,-124.216,15.66
5,,GCW,--,EHZ,1.0,41.1885,-124.216,15.66
5,,KMPB,--,HHZ,-1.0,41.1885,-124.216,15.66
5,,KHMB,--,HHZ,1.0,41.1885,-124.216,15.66
5,,GHL,--,EHZ,-1.0,41.1885,-124.216,15.66
5,,GHO,--,EHZ,1.0,41.1885,-124.216,15.66
5,,KRMB,--,HHZ,1.0,41.1885,-124.216,15.66
5,,KHBB,--,HHZ,1.0,41.1885,-124.216,15.66
5,,KCT,--,HHZ,-1.0,41.1885,-124.216,15.66
5,,KCPB,--,HHZ,-1.0,41.1885,-124.216,15.66
5,,GHG,--,EHZ,1.0,41.1885,-124.216,15.66
5,,KRP,--,HHZ,-1.0,41.1885,-124.216,15.66
5,,ME57,01,BHZ,1.0,41.1885,-124.216,15.66
5,,ME01,01,BHZ,1.0,41.1885,-124.216,15.66
5,,ME46,01,BHZ,1.0,41.1885,-124.216,15.66
5,,KSXB,--,HHZ,1.0,41.1885,-124.216,15.66
5,,ME47,01,BHZ,-1.0,41.1885,-124.216,15.66
5,,ME45,01,BHZ,1.0,41.1885,-124.216,15.66
5,,ME44,01,BHZ,-1.0,41.1885,-124.216,15.66
5,,ME49,01,BHZ,1.0,41.1885,-124.216,15.66
5,,ME50,01,BHZ,1.0,41.1885,-124.216,15.66
5,,ME53,01,BHZ,1.0,41.1885,-124.216,15.66
5,,ME54,01,BHZ,1.0,41.1885,-124.216,15.66
5,,ME43,01,BHZ,-1.0,41.1885,-124.216,15.66
5,,ME56,01,BHZ,1.0,41.1885,-124.216,15.66
5,,ME42,01,BHZ,-1.0,41.1885,-124.216,15.66
5,,ME39,01,BHZ,1.0,41.1885,-124.216,15.66
5,,ME38,01,BHZ,-1.0,41.1885,-124.216,15.66
5,,ME52,01,BHZ,1.0,41.1885,-124.216,15.66
5,,ME36,01,BHZ,-1.0,41.1885,-124.216,15.66
5,,ME03,01,BHZ,1.0,41.1885,-124.216,15.66
5,,ME04,01,BHZ,1.0,41.1885,-124.216,15.66
5,,ME37,01,BHZ,1.0,41.1885,-124.216,15.66
5,,ME08,01,BHZ,1.0,41.1885,-124.216,15.66
5,,ME09,01,BHZ,1.0,41.1885,-124.216,15.66
5,,ME13,01,BHZ,1.0,41.1885,-124.216,15.66
5,,ME27,01,BHZ,1.0,41.1885,-124.216,15.66
5,,ME07,01,BHZ,-1.0,41.1885,-124.216,15.66
5,,ME29,01,BHZ,1.0,41.1885,-124.216,15.66
5,,ME30,01,BHZ,1.0,41.1885,-124.216,15.66
5,,ME31,01,BHZ,1.0,41.1885,-124.216,15.66
5,,ME32,01,BHZ,-1.0,41.1885,-124.216,15.66
5,,ME33,01,BHZ,-1.0,41.1885,-124.216,15.66
5,,ME35,01,BHZ,1.0,41.1885,-124.216,15.66
5,,ME34,01,BHZ,-1.0,41.1885,-124.216,15.66
6,,ME37,01,BHZ,-1.0,40.4336667,-123.0883333,32.347
6,,ME38,01,BHZ,-1.0,40.4336667,-123.0883333,32.347
6,,ME39,01,BHZ,-1.0,40.4336667,-123.0883333,32.347
6,,ME42,01,BHZ,1.0,40.4336667,-123.0883333,32.347
6,,ME43,01,BHZ,1.0,40.4336667,-123.0883333,32.347
6,,ME45,01,BHZ,-1.0,40.4336667,-123.0883333,32.347
6,,ME36,01,BHZ,1.0,40.4336667,-123.0883333,32.347
6,,ME49,01,BHZ,1.0,40.4336667,-123.0883333,32.347
6,,ME50,01,BHZ,-1.0,40.4336667,-123.0883333,32.347
6,,ME53,01,BHZ,-1.0,40.4336667,-123.0883333,32.347
6,,ME56,01,BHZ,1.0,40.4336667,-123.0883333,32.347
6,,ME57,01,BHZ,1.0,40.4336667,-123.0883333,32.347
6,,ME35,01,BHZ,-1.0,40.4336667,-123.0883333,32.347
6,,ME04,01,BHZ,-1.0,40.4336667,-123.0883333,32.347
6,,ME33,01,BHZ,1.0,40.4336667,-123.0883333,32.347
6,,GASB,--,HHZ,1.0,40.4336667,-123.0883333,32.347
6,,WDC,--,HHZ,-1.0,40.4336667,-123.0883333,32.347
6,,YBH,--,HHZ,1.0,40.4336667,-123.0883333,32.347
6,,GNA,02,EHZ,1.0,40.4336667,-123.0883333,32.347
6,,KCPB,--,HHZ,-1.0,40.4336667,-123.0883333,32.347
6,,KHBB,--,HHZ,1.0,40.4336667,-123.0883333,32.347
6,,KHMB,--,HHZ,1.0,40.4336667,-123.0883333,32.347
6,,KRMB,--,HHZ,-1.0,40.4336667,-123.0883333,32.347
6,,ME07,01,BHZ,-1.0,40.4336667,-123.0883333,32.347
6,,ME08,01,BHZ,1.0,40.4336667,-123.0883333,32.347
6,,ME09,01,BHZ,1.0,40.4336667,-123.0883333,32.347
6,,ME13,01,BHZ,-1.0,40.4336667,-123.0883333,32.347
6,,ME27,01,BHZ,-1.0,40.4336667,-123.0883333,32.347
6,,ME29,01,BHZ,1.0,40.4336667,-123.0883333,32.347
6,,ME30,01,BHZ,1.0,40.4336667,-123.0883333,32.347
6,,ME31,01,BHZ,1.0,40.4336667,-123.0883333,32.347
6,,ME32,01,BHZ,1.0,40.4336667,-123.0883333,32.347
6,,JCC,--,HHZ,-1.0,40.4336667,-123.0883333,32.347
7,,KCPB,--,HHZ,1.0,39.8075,-123.203,4.618
7,,ME13,01,BHZ,-1.0,39.8075,-123.203,4.618
7,,ME09,01,BHZ,-1.0,39.8075,-123.203,4.618
7,,ME08,01,BHZ,1.0,39.8075,-123.203,4.618
7,,ME07,01,BHZ,1.0,39.8075,-123.203,4.618
7,,ME04,01,BHZ,1.0,39.8075,-123.203,4.618
7,,KMR,--,HHZ,-1.0,39.8075,-123.203,4.618
7,,KHBB,--,HHZ,1.0,39.8075,-123.203,4.618
7,,KCT,--,HHZ,-1.0,39.8075,-123.203,4.618
7,,GWR,--,EHZ,-1.0,39.8075,-123.203,4.618
7,,GNA,02,EHZ,1.0,39.8075,-123.203,4.618
7,,GHO,--,EHZ,1.0,39.8075,-123.203,4.618
7,,GHL,--,EHZ,-1.0,39.8075,-123.203,4.618
7,,GCW,--,EHZ,-1.0,39.8075,-123.203,4.618
7,,YBH,--,HHZ,-1.0,39.8075,-123.203,4.618
7,,WDC,--,HHZ,-1.0,39.8075,-123.203,4.618
7,,ME27,01,BHZ,-1.0,39.8075,-123.203,4.618
7,,ME29,01,BHZ,-1.0,39.8075,-123.203,4.618
7,,ME30,01,BHZ,-1.0,39.8075,-123.203,4.618
7,,ME32,01,BHZ,1.0,39.8075,-123.203,4.618
7,,ME57,01,BHZ,1.0,39.8075,-123.203,4.618
7,,ME53,01,BHZ,-1.0,39.8075,-123.203,4.618
7,,ME52,01,BHZ,-1.0,39.8075,-123.203,4.618
7,,ME50,01,BHZ,1.0,39.8075,-123.203,4.618
7,,ME49,01,BHZ,1.0,39.8075,-123.203,4.618
7,,ME47,01,BHZ,1.0,39.8075,-123.203,4.618
7,,ME46,01,BHZ,-1.0,39.8075,-123.203,4.618
7,,ME45,01,BHZ,-1.0,39.8075,-123.203,4.618
7,,ME44,01,BHZ,-1.0,39.8075,-123.203,4.618
7,,ME42,01,BHZ,-1.0,39.8075,-123.203,4.618
7,,ME39,01,BHZ,-1.0,39.8075,-123.203,4.618
7,,ME38,01,BHZ,-1.0,39.8075,-123.203,4.618
7,,ME37,01,BHZ,-1.0,39.8075,-123.203,4.618
7,,ME36,01,BHZ,-1.0,39.8075,-123.203,4.618
7,,ME35,01,BHZ,-1.0,39.8075,-123.203,4.618
7,,ME34,01,BHZ,1.0,39.8075,-123.203,4.618
7,,ME43,01,BHZ,-1.0,39.8075,-123.203,4.618
7,,GASB,--,HHZ,1.0,39.8075,-123.203,4.618
7,,ME03,01,BHZ,1.0,39.8075,-123.203,4.618
7,,ME31,01,BHZ,1.0,39.8075,-123.203,4.618
8,,KHBB,--,HHZ,1.0,40.5151667,-124.678,6.897
8,,ME36,01,BHZ,1.0,40.5151667,-124.678,6.897
8,,ME37,01,BHZ,-1.0,40.5151667,-124.678,6.897
8,,ME38,01,BHZ,1.0,40.5151667,-124.678,6.897
8,,ME39,01,BHZ,-1.0,40.5151667,-124.678,6.897
8,,KCT,--,HHZ,1.0,40.5151667,-124.678,6.897
8,,ME49,01,BHZ,1.0,40.5151667,-124.678,6.897
8,,ME50,01,BHZ,1.0,40.5151667,-124.678,6.897
8,,ME52,01,BHZ,-1.0,40.5151667,-124.678,6.897
8,,ME29,01,BHZ,1.0,40.5151667,-124.678,6.897
8,,KHMB,--,HHZ,1.0,40.5151667,-124.678,6.897
8,,KMPB,--,HHZ,1.0,40.5151667,-124.678,6.897
8,,KRMB,--,HHZ,-1.0,40.5151667,-124.678,6.897
8,,KRP,--,HHZ,1.0,40.5151667,-124.678,6.897
8,,KSXB,--,HHZ,-1.0,40.5151667,-124.678,6.897
8,,ME03,01,BHZ,-1.0,40.5151667,-124.678,6.897
8,,ME08,01,BHZ,0.0,40.5151667,-124.678,6.897
8,,ME09,01,BHZ,-1.0,40.5151667,-124.678,6.897
8,,ME35,01,BHZ,1.0,40.5151667,-124.678,6.897
8,,ME13,01,BHZ,-1.0,40.5151667,-124.678,6.897
8,,JCC,--,HHZ,1.0,40.5151667,-124.678,6.897
8,,WDC,--,HHZ,1.0,40.5151667,-124.678,6.897
8,,YBH,--,HHZ,-1.0,40.5151667,-124.678,6.897
8,,ME31,01,BHZ,1.0,40.5151667,-124.678,6.897
8,,ME32,01,BHZ,1.0,40.5151667,-124.678,6.897
8,,ME34,01,BHZ,1.0,40.5151667,-124.678,6.897
8,,GHO,--,EHZ,1.0,40.5151667,-124.678,6.897
8,,ME30,01,BHZ,1.0,40.5151667,-124.678,6.897
9,,ME29,01,BHZ,-1.0,40.9003333,-123.7216667,4.19
9,,ME30,01,BHZ,1.0,40.9003333,-123.7216667,4.19
9,,ME31,01,BHZ,-1.0,40.9003333,-123.7216667,4.19
9,,ME32,01,BHZ,-1.0,40.9003333,-123.7216667,4.19
9,,ME33,01,BHZ,-1.0,40.9003333,-123.7216667,4.19
9,,ME39,01,BHZ,-1.0,40.9003333,-123.7216667,4.19
9,,ME35,01,BHZ,-1.0,40.9003333,-123.7216667,4.19
9,,ME36,01,BHZ,-1.0,40.9003333,-123.7216667,4.19
9,,ME37,01,BHZ,-1.0,40.9003333,-123.7216667,4.19
9,,ME38,01,BHZ,-1.0,40.9003333,-123.7216667,4.19
9,,ME27,01,BHZ,1.0,40.9003333,-123.7216667,4.19
9,,ME34,01,BHZ,-1.0,40.9003333,-123.7216667,4.19
9,,ME13,01,BHZ,-1.0,40.9003333,-123.7216667,4.19
9,,KCPB,--,HHZ,-1.0,40.9003333,-123.7216667,4.19
9,,GVV,--,EHZ,1.0,40.9003333,-123.7216667,4.19
9,,GRO,--,EHZ,-1.0,40.9003333,-123.7216667,4.19
9,,GHM,--,EHZ,-1.0,40.9003333,-123.7216667,4.19
9,,YBH,--,HHZ,-1.0,40.9003333,-123.7216667,4.19
9,,WDC,--,HHZ,-1.0,40.9003333,-123.7216667,4.19
9,,JCC,--,HHZ,-1.0,40.9003333,-123.7216667,4.19
9,,GASB,--,HHZ,-1.0,40.9003333,-123.7216667,4.19
9,,ME09,01,BHZ,-1.0,40.9003333,-123.7216667,4.19
9,,KRMB,--,HHZ,-1.0,40.9003333,-123.7216667,4.19
9,,KSXB,--,HHZ,-1.0,40.9003333,-123.7216667,4.19
9,,ME01,01,BHZ,-1.0,40.9003333,-123.7216667,4.19
9,,ME03,01,BHZ,-1.0,40.9003333,-123.7216667,4.19
9,,ME04,01,BHZ,-1.0,40.9003333,-123.7216667,4.19
9,,ME08,01,BHZ,-1.0,40.9003333,-123.7216667,4.19
10,,KMPB,--,HHZ,1.0,41.2501667,-124.9143333,1.506
10,,ME39,01,BHZ,1.0,41.2501667,-124.9143333,1.506
10,,KHMB,--,HHZ,1.0,41.2501667,-124.9143333,1.506
10,,KCT,--,HHZ,-1.0,41.2501667,-124.9143333,1.506
10,,ME41,01,BHZ,-1.0,41.2501667,-124.9143333,1.506
10,,ME42,01,BHZ,-1.0,41.2501667,-124.9143333,1.506
10,,ME43,01,BHZ,-1.0,41.2501667,-124.9143333,1.506
10,,ME44,01,BHZ,1.0,41.2501667,-124.9143333,1.506
10,,ME49,01,BHZ,1.0,41.2501667,-124.9143333,1.506
10,,ME50,01,BHZ,1.0,41.2501667,-124.9143333,1.506
10,,ME53,01,BHZ,1.0,41.2501667,-124.9143333,1.506
10,,GHM,--,EHZ,1.0,41.2501667,-124.9143333,1.506
10,,YBH,--,HHZ,1.0,41.2501667,-124.9143333,1.506
10,,WDC,--,HHZ,-1.0,41.2501667,-124.9143333,1.506
10,,ME46,01,BHZ,-1.0,41.2501667,-124.9143333,1.506
10,,KMR,--,HHZ,1.0,41.2501667,-124.9143333,1.506
10,,KSXB,--,HHZ,1.0,41.2501667,-124.9143333,1.506
10,,ME37,01,BHZ,1.0,41.2501667,-124.9143333,1.506
10,,ME36,01,BHZ,-1.0,41.2501667,-124.9143333,1.506
10,,ME35,01,BHZ,-1.0,41.2501667,-124.9143333,1.506
10,,ME31,01,BHZ,1.0,41.2501667,-124.9143333,1.506
10,,ME30,01,BHZ,1.0,41.2501667,-124.9143333,1.506
10,,ME29,01,BHZ,1.0,41.2501667,-124.9143333,1.506
10,,KRMB,--,HHZ,1.0,41.2501667,-124.9143333,1.506
10,,ME27,01,BHZ,1.0,41.2501667,-124.9143333,1.506
10,,ME09,01,BHZ,-1.0,41.2501667,-124.9143333,1.506
10,,ME03,01,BHZ,1.0,41.2501667,-124.9143333,1.506
10,,ME01,01,BHZ,1.0,41.2501667,-124.9143333,1.506
10,,B935,--,EHZ,-1.0,41.2501667,-124.9143333,1.506
10,,B933,--,EHZ,1.0,41.2501667,-124.9143333,1.506
10,,B049,--,EHZ,1.0,41.2501667,-124.9143333,1.506
10,,ME13,01,BHZ,-1.0,41.2501667,-124.9143333,1.506
10,,B046,--,EHZ,1.0,41.2501667,-124.9143333,1.506
10,,ME52,01,BHZ,-1.0,41.2501667,-124.9143333,1.506
10,,GASB,--,HHZ,-1.0,41.2501667,-124.9143333,1.506
10,,JCC,--,HHZ,1.0,41.2501667,-124.9143333,1.506
11,,GASB,--,HHZ,-1.0,40.4795,-123.5165,5.764
11,,JCC,--,HHZ,-1.0,40.4795,-123.5165,5.764
11,,B934,--,EHZ,-1.0,40.4795,-123.5165,5.764
11,,B935,--,EHZ,1.0,40.4795,-123.5165,5.764
11,,KRMB,--,HHZ,-1.0,40.4795,-123.5165,5.764
11,,KMR,--,HHZ,-1.0,40.4795,-123.5165,5.764
11,,KMPB,--,HHZ,1.0,40.4795,-123.5165,5.764
11,,KHMB,--,HHZ,-1.0,40.4795,-123.5165,5.764
11,,KHBB,--,HHZ,-1.0,40.4795,-123.5165,5.764
11,,KCT,--,HHZ,1.0,40.4795,-123.5165,5.764
11,,KCPB,--,HHZ,1.0,40.4795,-123.5165,5.764
11,,GVV,--,EHZ,1.0,40.4795,-123.5165,5.764
11,,GTS,--,EHZ,1.0,40.4795,-123.5165,5.764
11,,KRP,--,HHZ,-1.0,40.4795,-123.5165,5.764
11,,GRO,--,EHZ,-1.0,40.4795,-123.5165,5.764
11,,YBH,--,HHZ,1.0,40.4795,-123.5165,5.764
11,,B933,--,EHZ,-1.0,40.4795,-123.5165,5.764
11,,B049,--,EHZ,-1.0,40.4795,-123.5165,5.764
11,,B047,--,EHZ,-1.0,40.4795,-123.5165,5.764
11,,GHL,--,EHZ,-1.0,40.4795,-123.5165,5.764
11,,B046,--,EHZ,1.0,40.4795,-123.5165,5.764
11,,KSXB,--,HHZ,1.0,40.4795,-123.5165,5.764
11,,GHO,--,EHZ,-1.0,40.4795,-123.5165,5.764
11,,WDC,--,HHZ,-1.0,40.4795,-123.5165,5.764
11,,B045,--,EHZ,1.0,40.4795,-123.5165,5.764
12,,KSXB,--,HHZ,-1.0,40.728,-124.4475,3.593
12,,B046,--,EHZ,1.0,40.728,-124.4475,3.593
12,,B049,--,EHZ,1.0,40.728,-124.4475,3.593
12,,KRMB,--,HHZ,-1.0,40.728,-124.4475,3.593
12,,KMPB,--,HHZ,1.0,40.728,-124.4475,3.593
12,,KRP,--,HHZ,1.0,40.728,-124.4475,3.593
12,,KHMB,--,HHZ,1.0,40.728,-124.4475,3.593
12,,KCT,--,HHZ,1.0,40.728,-124.4475,3.593
12,,GVV,--,EHZ,1.0,40.728,-124.4475,3.593
12,,GTS,--,EHZ,-1.0,40.728,-124.4475,3.593
12,,WDC,--,HHZ,-1.0,40.728,-124.4475,3.593
12,,JCC,--,HHZ,1.0,40.728,-124.4475,3.593
12,,B047,--,EHZ,1.0,40.728,-124.4475,3.593
12,,M02C,--,BHZ,1.0,40.728,-124.4475,3.593
12,,B935,--,EHZ,1.0,40.728,-124.4475,3.593
12,,B934,--,EHZ,1.0,40.728,-124.4475,3.593
12,,B933,--,EHZ,1.0,40.728,-124.4475,3.593
12,,B932,--,EHZ,1.0,40.728,-124.4475,3.593
12,,YBH,--,HHZ,1.0,40.728,-124.4475,3.593
13,,B045,--,EHZ,1.0,40.8311667,-123.3385,32.655
13,,B046,--,EHZ,1.0,40.8311667,-123.3385,32.655
13,,B047,--,EHZ,1.0,40.8311667,-123.3385,32.655
13,,B049,--,EHZ,1.0,40.8311667,-123.3385,32.655
13,,B934,--,EHZ,-1.0,40.8311667,-123.3385,32.655
13,,B935,--,EHZ,1.0,40.8311667,-123.3385,32.655
13,,M02C,--,BHZ,-1.0,40.8311667,-123.3385,32.655
13,,N02D,--,BHZ,-1.0,40.8311667,-123.3385,32.655
13,,KSXB,--,HHZ,1.0,40.8311667,-123.3385,32.655
13,,B933,--,EHZ,-1.0,40.8311667,-123.3385,32.655
13,,KRP,--,HHZ,1.0,40.8311667,-123.3385,32.655
13,,B932,--,EHZ,1.0,40.8311667,-123.3385,32.655
13,,KMPB,--,HHZ,1.0,40.8311667,-123.3385,32.655
13,,GASB,--,HHZ,1.0,40.8311667,-123.3385,32.655
13,,KMR,--,HHZ,-1.0,40.8311667,-123.3385,32.655
13,,JCC,--,HHZ,1.0,40.8311667,-123.3385,32.655
13,,WDC,--,HHZ,1.0,40.8311667,-123.3385,32.655
13,,YBH,--,HHZ,-1.0,40.8311667,-123.3385,32.655
13,,GVV,--,EHZ,1.0,40.8311667,-123.3385,32.655
13,,KCPB,--,HHZ,1.0,40.8311667,-123.3385,32.655
13,,KHMB,--,HHZ,1.0,40.8311667,-123.3385,32.655
13,,KHBB,--,HHZ,1.0,40.8311667,-123.3385,32.655
13,,KCT,--,HHZ,1.0,40.8311667,-123.3385,32.655
14,,N02D,--,BHZ,1.0,40.8156667,-124.1685,2.559
14,,M02C,--,BHZ,1.0,40.8156667,-124.1685,2.559
14,,B935,--,EHZ,-1.0,40.8156667,-124.1685,2.559
14,,B933,--,EHZ,-1.0,40.8156667,-124.1685,2.559
14,,B049,--,EHZ,1.0,40.8156667,-124.1685,2.559
14,,B932,--,EHZ,-1.0,40.8156667,-124.1685,2.559
14,,GRO,--,EHZ,1.0,40.8156667,-124.1685,2.559
14,,GHM,--,EHZ,-1.0,40.8156667,-124.1685,2.559
14,,GHL,--,EHZ,-1.0,40.8156667,-124.1685,2.559
14,,GHG,--,EHZ,-1.0,40.8156667,-124.1685,2.559
14,,YBH,--,HHZ,1.0,40.8156667,-124.1685,2.559
14,,JCC,--,HHZ,-1.0,40.8156667,-124.1685,2.559
14,,GASB,--,HHZ,1.0,40.8156667,-124.1685,2.559
14,,WDC,--,HHZ,1.0,40.8156667,-124.1685,2.559
14,,KCT,--,HHZ,-1.0,40.8156667,-124.1685,2.559
14,,B047,--,EHZ,1.0,40.8156667,-124.1685,2.559
14,,GWR,--,EHZ,-1.0,40.8156667,-124.1685,2.559
14,,B046,--,EHZ,-1.0,40.8156667,-124.1685,2.559
14,,B045,--,EHZ,1.0,40.8156667,-124.1685,2.559
14,,KSXB,--,HHZ,1.0,40.8156667,-124.1685,2.559
14,,KMR,--,HHZ,1.0,40.8156667,-124.1685,2.559
14,,KMPB,--,HHZ,-1.0,40.8156667,-124.1685,2.559
14,,KHMB,--,HHZ,1.0,40.8156667,-124.1685,2.559
14,,KHBB,--,HHZ,1.0,40.8156667,-124.1685,2.559
14,,KRP,--,HHZ,-1.0,40.8156667,-124.1685,2.559
15,,KHBB,--,HHZ,1.0,40.6281667,-124.7058333,9.099
15,,B046,--,EHZ,-1.0,40.6281667,-124.7058333,9.099
15,,B045,--,EHZ,1.0,40.6281667,-124.7058333,9.099
15,,KSXB,--,HHZ,-1.0,40.6281667,-124.7058333,9.099
15,,KRP,--,HHZ,-1.0,40.6281667,-124.7058333,9.099
15,,KMR,--,HHZ,1.0,40.6281667,-124.7058333,9.099
15,,KMPB,--,HHZ,1.0,40.6281667,-124.7058333,9.099
15,,KHMB,--,HHZ,1.0,40.6281667,-124.7058333,9.099
15,,GWR,--,EHZ,1.0,40.6281667,-124.7058333,9.099
15,,B933,--,EHZ,-1.0,40.6281667,-124.7058333,9.099
15,,B932,--,EHZ,-1.0,40.6281667,-124.7058333,9.099
15,,GRO,--,EHZ,-1.0,40.6281667,-124.7058333,9.099
15,,YBH,--,HHZ,-1.0,40.6281667,-124.7058333,9.099
15,,WDC,--,HHZ,1.0,40.6281667,-124.7058333,9.099
15,,JCC,00,HHZ,1.0,40.6281667,-124.7058333,9.099
15,,GASB,--,HHZ,1.0,40.6281667,-124.7058333,9.099
15,,B047,--,EHZ,1.0,40.6281667,-124.7058333,9.099
15,,GVV,--,EHZ,-1.0,40.6281667,-124.7058333,9.099
15,,B049,--,EHZ,1.0,40.6281667,-124.7058333,9.099
15,,GTS,--,EHZ,1.0,40.6281667,-124.7058333,9.099
15,,B935,--,EHZ,1.0,40.6281667,-124.7058333,9.099
15,,M02C,--,BHZ,1.0,40.6281667,-124.7058333,9.099
15,,N02D,--,BHZ,1.0,40.6281667,-124.7058333,9.099
15,,O02D,--,BHZ,-1.0,40.6281667,-124.7058333,9.099
16,,GCW,--,EHZ,1.0,40.0441667,-123.7803333,16.489
16,,GVV,--,EHZ,-1.0,40.0441667,-123.7803333,16.489
16,,GWR,--,EHZ,1.0,40.0441667,-123.7803333,16.489
16,,GNA,02,EHZ,1.0,40.0441667,-123.7803333,16.489
16,,B049,--,EHZ,-1.0,40.0441667,-123.7803333,16.489
16,,KHBB,--,HHZ,-1.0,40.0441667,-123.7803333,16.489
16,,GHO,--,EHZ,-1.0,40.0441667,-123.7803333,16.489
16,,O02D,--,BHZ,1.0,40.0441667,-123.7803333,16.489
16,,GRO,--,EHZ,-1.0,40.0441667,-123.7803333,16.489
17,,O02D,--,BHZ,-1.0,40.1971667,-123.1226667,38.653
17,,N02D,--,HHZ,-1.0,40.1971667,-123.1226667,38.653
17,,M02C,--,HHZ,-1.0,40.1971667,-123.1226667,38.653
17,,B935,--,EHZ,1.0,40.1971667,-123.1226667,38.653
17,,GRO,--,EHZ,1.0,40.1971667,-123.1226667,38.653
17,,KSXB,--,HHZ,1.0,40.1971667,-123.1226667,38.653
17,,KRP,--,HHZ,1.0,40.1971667,-123.1226667,38.653
17,,KRMB,--,HHZ,1.0,40.1971667,-123.1226667,38.653
17,,KMR,--,HHZ,1.0,40.1971667,-123.1226667,38.653
17,,KMPB,--,HHZ,1.0,40.1971667,-123.1226667,38.653
17,,KHMB,--,HHZ,1.0,40.1971667,-123.1226667,38.653
17,,KCT,--,HHZ,1.0,40.1971667,-123.1226667,38.653
17,,KCPB,--,HHZ,-1.0,40.1971667,-123.1226667,38.653
17,,GWR,--,EHZ,-1.0,40.1971667,-123.1226667,38.653
17,,B045,--,EHZ,1.0,40.1971667,-123.1226667,38.653
17,,GVV,--,EHZ,1.0,40.1971667,-123.1226667,38.653
17,,GNA,02,EHZ,-1.0,40.1971667,-123.1226667,38.653
17,,GHO,--,EHZ,-1.0,40.1971667,-123.1226667,38.653
17,,GHM,--,EHZ,-1.0,40.1971667,-123.1226667,38.653
17,,GHL,--,EHZ,-1.0,40.1971667,-123.1226667,38.653
17,,GHG,--,EHZ,1.0,40.1971667,-123.1226667,38.653
17,,GCW,--,EHZ,-1.0,40.1971667,-123.1226667,38.653
17,,YBH,00,HHZ,-1.0,40.1971667,-123.1226667,38.653
17,,WDC,00,HHZ,-1.0,40.1971667,-123.1226667,38.653
17,,JCC,00,HHZ,1.0,40.1971667,-123.1226667,38.653
17,,GASB,00,HHZ,1.0,40.1971667,-123.1226667,38.653
17,,GTS,--,EHZ,1.0,40.1971667,-123.1226667,38.653
17,,KHBB,--,HHZ,-1.0,40.1971667,-123.1226667,38.653
17,,B933,--,EHZ,1.0,40.1971667,-123.1226667,38.653
17,,B046,--,EHZ,1.0,40.1971667,-123.1226667,38.653
17,,B049,--,EHZ,1.0,40.1971667,-123.1226667,38.653
17,,B047,--,EHZ,1.0,40.1971667,-123.1226667,38.653
18,,GTC,--,EHZ,-1.0,40.7378333,-124.8365,-0.316
18,,KSXB,--,HHZ,-1.0,40.7378333,-124.8365,-0.316
18,,KMPB,--,HHZ,1.0,40.7378333,-124.8365,-0.316
18,,KKP,--,EHZ,1.0,40.7378333,-124.8365,-0.316
18,,KJJ,--,EHZ,1.0,40.7378333,-124.8365,-0.316
18,,KIP,--,EHZ,1.0,40.7378333,-124.8365,-0.316
18,,KHMB,--,HHZ,1.0,40.7378333,-124.8365,-0.316
18,,KHBB,--,HHZ,1.0,40.7378333,-124.8365,-0.316
18,,KFP,--,EHZ,1.0,40.7378333,-124.8365,-0.316
18,,KCT,--,HHZ,1.0,40.7378333,-124.8365,-0.316
18,,KCS,--,EHZ,1.0,40.7378333,-124.8365,-0.316
18,,KCR,02,EHZ,1.0,40.7378333,-124.8365,-0.316
18,,KCPB,--,HHZ,1.0,40.7378333,-124.8365,-0.316
18,,KBN,--,EHZ,1.0,40.7378333,-124.8365,-0.316
18,,GWR,--,EHZ,-1.0,40.7378333,-124.8365,-0.316
18,,GVV,--,EHZ,1.0,40.7378333,-124.8365,-0.316
18,,GRO,--,EHZ,-1.0,40.7378333,-124.8365,-0.316
18,,GNA,02,EHZ,-1.0,40.7378333,-124.8365,-0.316
18,,GHO,--,EHZ,1.0,40.7378333,-124.8365,-0.316
18,,GHM,--,EHZ,-1.0,40.7378333,-124.8365,-0.316
18,,GHG,--,EHZ,-1.0,40.7378333,-124.8365,-0.316
18,,YBH,50,HHZ,-1.0,40.7378333,-124.8365,-0.316
18,,YBH,00,HHZ,-1.0,40.7378333,-124.8365,-0.316
18,,WDC,00,HHZ,1.0,40.7378333,-124.8365,-0.316
18,,JCC,00,HHZ,1.0,40.7378333,-124.8365,-0.316
18,,KMR,--,HHZ,1.0,40.7378333,-124.8365,-0.316
18,,KOM,--,EHZ,-1.0,40.7378333,-124.8365,-0.316
18,,KRK,--,EHZ,1.0,40.7378333,-124.8365,-0.316
18,,M02C,--,HHZ,1.0,40.7378333,-124.8365,-0.316
18,,B935,--,EHZ,1.0,40.7378333,-124.8365,-0.316
18,,B933,--,EHZ,1.0,40.7378333,-124.8365,-0.316
18,,B932,--,EHZ,1.0,40.7378333,-124.8365,-0.316
18,,B049,--,EHZ,1.0,40.7378333,-124.8365,-0.316
18,,B047,--,EHZ,1.0,40.7378333,-124.8365,-0.316
18,,B046,--,EHZ,1.0,40.7378333,-124.8365,-0.316
18,,GASB,00,HHZ,1.0,40.7378333,-124.8365,-0.316
18,,B045,--,EHZ,1.0,40.7378333,-124.8365,-0.316
18,,LSF,--,EHZ,-1.0,40.7378333,-124.8365,-0.316
18,,LRB,--,EHZ,-1.0,40.7378333,-124.8365,-0.316
18,,LPG,--,EHZ,-1.0,40.7378333,-124.8365,-0.316
18,,LGP,--,EHZ,1.0,40.7378333,-124.8365,-0.316
18,,LBP,--,EHZ,1.0,40.7378333,-124.8365,-0.316
18,,LBK,--,EHZ,-1.0,40.7378333,-124.8365,-0.316
18,,LAMB,--,EHZ,1.0,40.7378333,-124.8365,-0.316
18,,KTR,--,EHZ,1.0,40.7378333,-124.8365,-0.316
18,,KSM,02,EHZ,1.0,40.7378333,-124.8365,-0.316
18,,KRP,--,HHZ,-1.0,40.7378333,-124.8365,-0.316
18,,LVR,--,EHZ,-1.0,40.7378333,-124.8365,-0.316
18,,N02D,--,HHZ,1.0,40.7378333,-124.8365,-0.316
18,,O02D,--,BHZ,1.0,40.7378333,-124.8365,-0.316
19,,KCO,--,EHZ,-1.0,40.9736667,-123.6996667,11.475
19,,KBN,--,EHZ,-1.0,40.9736667,-123.6996667,11.475
19,,YBH,50,HHZ,1.0,40.9736667,-123.6996667,11.475
19,,WDC,00,HHZ,-1.0,40.9736667,-123.6996667,11.475
19,,JCC,00,HHZ,-1.0,40.9736667,-123.6996667,11.475
19,,M14B,--,BHZ,1.0,40.9736667,-123.6996667,11.475
19,,G19B,--,BHZ,1.0,40.9736667,-123.6996667,11.475
19,,YBH,00,HHZ,1.0,40.9736667,-123.6996667,11.475
19,,KCR,02,EHZ,1.0,40.9736667,-123.6996667,11.475
19,,KHMB,--,HHZ,1.0,40.9736667,-123.6996667,11.475
19,,KCT,--,HHZ,1.0,40.9736667,-123.6996667,11.475
19,,LBP,--,EHZ,1.0,40.9736667,-123.6996667,11.475
19,,LBK,--,EHZ,-1.0,40.9736667,-123.6996667,11.475
19,,KSXB,--,HHZ,1.0,40.9736667,-123.6996667,11.475
19,,KRP,--,HHZ,-1.0,40.9736667,-123.6996667,11.475
19,,KRMB,--,HHZ,-1.0,40.9736667,-123.6996667,11.475
19,,KRK,--,EHZ,1.0,40.9736667,-123.6996667,11.475
19,,KOM,--,EHZ,-1.0,40.9736667,-123.6996667,11.475
19,,KMR,--,HHZ,1.0,40.9736667,-123.6996667,11.475
19,,KMPB,--,HHZ,-1.0,40.9736667,-123.6996667,11.475
19,,KKP,--,EHZ,1.0,40.9736667,-123.6996667,11.475
19,,KIP,--,EHZ,-1.0,40.9736667,-123.6996667,11.475
19,,KHBB,--,HHZ,1.0,40.9736667,-123.6996667,11.475
19,,KCS,--,EHZ,1.0,40.9736667,-123.6996667,11.475
19,,G17B,--,HHZ,1.0,40.9736667,-123.6996667,11.475
19,,O02D,--,BHZ,-1.0,40.9736667,-123.6996667,11.475
19,,LVR,--,EHZ,-1.0,40.9736667,-123.6996667,11.475
19,,LGP,--,EHZ,1.0,40.9736667,-123.6996667,11.475
19,,B049,--,EHZ,1.0,40.9736667,-123.6996667,11.475
19,,B047,--,EHZ,1.0,40.9736667,-123.6996667,11.475
19,,B046,--,EHZ,1.0,40.9736667,-123.6996667,11.475
19,,B045,--,EHZ,-1.0,40.9736667,-123.6996667,11.475
19,,LPK,--,EHZ,1.0,40.9736667,-123.6996667,11.475
19,,FS01B,--,BHZ,1.0,40.9736667,-123.6996667,11.475
19,,B932,--,EHZ,1.0,40.9736667,-123.6996667,11.475
19,,N02D,--,HHZ,-1.0,40.9736667,-123.6996667,11.475
19,,M02C,--,HHZ,1.0,40.9736667,-123.6996667,11.475
19,,FS13B,--,HHZ,1.0,40.9736667,-123.6996667,11.475
19,,FS09B,--,BHZ,-1.0,40.9736667,-123.6996667,11.475
19,,FS04B,--,HHZ,1.0,40.9736667,-123.6996667,11.475
19,,FS02B,--,HHZ,-1.0,40.9736667,-123.6996667,11.475
19,,B933,--,EHZ,1.0,40.9736667,-123.6996667,11.475
19,,B935,--,EHZ,-1.0,40.9736667,-123.6996667,11.475
19,,LPG,--,EHZ,1.0,40.9736667,-123.6996667,11.475
20,,LBP,--,EHZ,1.0,40.6865,-123.5265,27.175
20,,LBK,--,EHZ,1.0,40.6865,-123.5265,27.175
20,,LAMB,--,EHZ,-1.0,40.6865,-123.5265,27.175
20,,KTR,--,EHZ,-1.0,40.6865,-123.5265,27.175
20,,KSXB,--,HHZ,1.0,40.6865,-123.5265,27.175
20,,KSM,02,EHZ,1.0,40.6865,-123.5265,27.175
20,,KRP,--,HHZ,1.0,40.6865,-123.5265,27.175
20,,KRMB,--,HHZ,1.0,40.6865,-123.5265,27.175
20,,KRK,--,EHZ,-1.0,40.6865,-123.5265,27.175
20,,KPP,--,EHZ,1.0,40.6865,-123.5265,27.175
20,,KOM,--,EHZ,1.0,40.6865,-123.5265,27.175
20,,KMR,--,HHZ,1.0,40.6865,-123.5265,27.175
20,,KMPB,--,HHZ,1.0,40.6865,-123.5265,27.175
20,,LGP,--,EHZ,-1.0,40.6865,-123.5265,27.175
20,,LPG,--,EHZ,-1.0,40.6865,-123.5265,27.175
20,,LPK,--,EHZ,1.0,40.6865,-123.5265,27.175
20,,LRB,--,EHZ,-1.0,40.6865,-123.5265,27.175
20,,O02D,--,BHZ,1.0,40.6865,-123.5265,27.175
20,,N02D,--,HHZ,1.0,40.6865,-123.5265,27.175
20,,M02C,--,HHZ,1.0,40.6865,-123.5265,27.175
20,,B935,--,EHZ,1.0,40.6865,-123.5265,27.175
20,,B933,--,EHZ,1.0,40.6865,-123.5265,27.175
20,,KKP,--,EHZ,1.0,40.6865,-123.5265,27.175
20,,B932,--,EHZ,1.0,40.6865,-123.5265,27.175
20,,B049,--,EHZ,1.0,40.6865,-123.5265,27.175
20,,B047,--,EHZ,1.0,40.6865,-123.5265,27.175
20,,B045,--,EHZ,1.0,40.6865,-123.5265,27.175
20,,LVR,--,EHZ,-1.0,40.6865,-123.5265,27.175
20,,LSF,--,EHZ,-1.0,40.6865,-123.5265,27.175
20,,KIP,--,EHZ,1.0,40.6865,-123.5265,27.175
20,,B046,--,EHZ,1.0,40.6865,-123.5265,27.175
20,,KHBB,--,HHZ,-1.0,40.6865,-123.5265,27.175
20,,KHMB,--,HHZ,1.0,40.6865,-123.5265,27.175
20,,YBH,50,HHZ,1.0,40.6865,-123.5265,27.175
20,,YBH,00,HHZ,1.0,40.6865,-123.5265,27.175
20,,WDC,00,BHZ,1.0,40.6865,-123.5265,27.175
20,,JCC,00,HHZ,1.0,40.6865,-123.5265,27.175
20,,FS20B,--,HHZ,-1.0,40.6865,-123.5265,27.175
20,,FS13B,--,HHZ,1.0,40.6865,-123.5265,27.175
20,,FS11B,--,HHZ,-1.0,40.6865,-123.5265,27.175
20,,GNA,02,EHZ,-1.0,40.6865,-123.5265,27.175
20,,FS04B,--,HHZ,1.0,40.6865,-123.5265,27.175
20,,KFP,--,EHZ,-1.0,40.6865,-123.5265,27.175
20,,KCS,--,EHZ,1.0,40.6865,-123.5265,27.175
20,,KCR,02,EHZ,1.0,40.6865,-123.5265,27.175
20,,KCO,--,EHZ,1.0,40.6865,-123.5265,27.175
20,,KBS,02,EHZ,1.0,40.6865,-123.5265,27.175
20,,KCT,--,HHZ,-1.0,40.6865,-123.5265,27.175
20,,GTC,--,EHZ,-1.0,40.6865,-123.5265,27.175
20,,KBN,--,EHZ,-1.0,40.6865,-123.5265,27.175
21,,N02D,--,HHZ,1.0,40.3196667,-123.7495,22.184
21,,KIP,--,EHZ,-1.0,40.3196667,-123.7495,22.184
21,,KHMB,--,HHZ,1.0,40.3196667,-123.7495,22.184
21,,KHBB,--,HHZ,1.0,40.3196667,-123.7495,22.184
21,,KFP,--,EHZ,-1.0,40.3196667,-123.7495,22.184
21,,KCS,--,EHZ,-1.0,40.3196667,-123.7495,22.184
21,,KCR,02,EHZ,-1.0,40.3196667,-123.7495,22.184
21,,KCPB,--,HHZ,-1.0,40.3196667,-123.7495,22.184
21,,KCO,--,EHZ,1.0,40.3196667,-123.7495,22.184
21,,KBS,02,EHZ,-1.0,40.3196667,-123.7495,22.184
21,,KBN,--,EHZ,1.0,40.3196667,-123.7495,22.184
21,,K004,01,HNZ,-1.0,40.3196667,-123.7495,22.184
21,,GWR,--,EHZ,-1.0,40.3196667,-123.7495,22.184
21,,KKP,--,EHZ,1.0,40.3196667,-123.7495,22.184
21,,GVV,--,EHZ,1.0,40.3196667,-123.7495,22.184
21,,GRO,--,EHZ,-1.0,40.3196667,-123.7495,22.184
21,,GNA,02,EHZ,-1.0,40.3196667,-123.7495,22.184
21,,O02D,--,BHZ,1.0,40.3196667,-123.7495,22.184
21,,GTC,--,EHZ,-1.0,40.3196667,-123.7495,22.184
21,,FS01B,--,BHZ,-1.0,40.3196667,-123.7495,22.184
21,,FS04B,--,HHZ,1.0,40.3196667,-123.7495,22.184
21,,FS09B,--,BHZ,-1.0,40.3196667,-123.7495,22.184
21,,FS12B,--,HHZ,1.0,40.3196667,-123.7495,22.184
21,,KMPB,--,HHZ,1.0,40.3196667,-123.7495,22.184
21,,KCT,--,HHZ,1.0,40.3196667,-123.7495,22.184
21,,B049,--,EHZ,1.0,40.3196667,-123.7495,22.184
21,,B047,--,EHZ,1.0,40.3196667,-123.7495,22.184
21,,B046,--,EHZ,1.0,40.3196667,-123.7495,22.184
21,,B045,--,EHZ,1.0,40.3196667,-123.7495,22.184
21,,LVR,--,EHZ,-1.0,40.3196667,-123.7495,22.184
21,,LSF,--,EHZ,1.0,40.3196667,-123.7495,22.184
21,,B935,--,EHZ,-1.0,40.3196667,-123.7495,22.184
21,,M02C,--,HHZ,1.0,40.3196667,-123.7495,22.184
21,,KMR,--,HHZ,1.0,40.3196667,-123.7495,22.184
21,,LRB,--,EHZ,-1.0,40.3196667,-123.7495,22.184
21,,LPK,--,EHZ,1.0,40.3196667,-123.7495,22.184
21,,B932,--,EHZ,1.0,40.3196667,-123.7495,22.184
21,,LGP,--,EHZ,1.0,40.3196667,-123.7495,22.184
21,,LPG,--,EHZ,1.0,40.3196667,-123.7495,22.184
21,,GASB,00,HHZ,-1.0,40.3196667,-123.7495,22.184
21,,KPP,--,EHZ,1.0,40.3196667,-123.7495,22.184
21,,KRK,--,EHZ,1.0,40.3196667,-123.7495,22.184
21,,KSM,02,EHZ,1.0,40.3196667,-123.7495,22.184
21,,LBK,--,EHZ,1.0,40.3196667,-123.7495,22.184
21,,LBP,--,EHZ,1.0,40.3196667,-123.7495,22.184
21,,GHO,--,EHZ,1.0,40.3196667,-123.7495,22.184
21,,G02B,--,BHZ,-1.0,40.3196667,-123.7495,22.184
21,,YBH,50,HHZ,1.0,40.3196667,-123.7495,22.184
21,,YBH,00,HHZ,-1.0,40.3196667,-123.7495,22.184
21,,WDC,00,HHZ,1.0,40.3196667,-123.7495,22.184
21,,JCC,00,HHZ,1.0,40.3196667,-123.7495,22.184
21,,B933,--,EHZ,1.0,40.3196667,-123.7495,22.184
22,,FS17B,--,HHZ,1.0,40.793,-124.7548333,1.383
22,,FS20B,--,HHZ,-1.0,40.793,-124.7548333,1.383
22,,FS04B,--,HHZ,-1.0,40.793,-124.7548333,1.383
22,,FS13B,--,HHZ,-1.0,40.793,-124.7548333,1.383
22,,FS09B,--,BHZ,-1.0,40.793,-124.7548333,1.383
22,,FS05B,--,BHZ,-1.0,40.793,-124.7548333,1.383
22,,FS02B,--,HHZ,-1.0,40.793,-124.7548333,1.383
22,,FS01B,--,BHZ,-1.0,40.793,-124.7548333,1.383
22,,G02B,--,BHZ,1.0,40.793,-124.7548333,1.383
22,,LGP,--,EHZ,1.0,40.793,-124.7548333,1.383
22,,LPG,--,EHZ,1.0,40.793,-124.7548333,1.383
22,,KCT,--,HHZ,1.0,40.793,-124.7548333,1.383
22,,KCR,02,EHZ,-1.0,40.793,-124.7548333,1.383
22,,KBS,02,EHZ,-1.0,40.793,-124.7548333,1.383
22,,KBN,--,EHZ,-1.0,40.793,-124.7548333,1.383
22,,GVV,--,EHZ,-1.0,40.793,-124.7548333,1.383
22,,GRO,--,EHZ,-1.0,40.793,-124.7548333,1.383
22,,GNA,02,EHZ,-1.0,40.793,-124.7548333,1.383
22,,YBH,50,HHZ,1.0,40.793,-124.7548333,1.383
22,,YBH,00,HHZ,-1.0,40.793,-124.7548333,1.383
22,,WDC,00,HHZ,-1.0,40.793,-124.7548333,1.383
22,,JCC,00,HHZ,1.0,40.793,-124.7548333,1.383
22,,G10B,--,BHZ,1.0,40.793,-124.7548333,1.383
22,,G18B,--,HHZ,-1.0,40.793,-124.7548333,1.383
22,,M14B,--,BHZ,1.0,40.793,-124.7548333,1.383
22,,KFP,--,EHZ,1.0,40.793,-124.7548333,1.383
22,,KHBB,--,HHZ,1.0,40.793,-124.7548333,1.383
22,,KHMB,--,HHZ,1.0,40.793,-124.7548333,1.383
22,,KIP,--,EHZ,-1.0,40.793,-124.7548333,1.383
22,,LRB,--,EHZ,-1.0,40.793,-124.7548333,1.383
22,,LSF,--,EHZ,1.0,40.793,-124.7548333,1.383
22,,LVR,--,EHZ,1.0,40.793,-124.7548333,1.383
22,,B045,--,EHZ,1.0,40.793,-124.7548333,1.383
22,,B046,--,EHZ,1.0,40.793,-124.7548333,1.383
22,,B047,--,EHZ,-1.0,40.793,-124.7548333,1.383
22,,B049,--,EHZ,1.0,40.793,-124.7548333,1.383
22,,B932,--,EHZ,-1.0,40.793,-124.7548333,1.383
22,,B933,--,EHZ,-1.0,40.793,-124.7548333,1.383
22,,G19B,--,BHZ,-1.0,40.793,-124.7548333,1.383
22,,B935,--,EHZ,1.0,40.793,-124.7548333,1.383
22,,O02D,--,BHZ,-1.0,40.793,-124.7548333,1.383
22,,LBP,--,EHZ,1.0,40.793,-124.7548333,1.383
22,,KSXB,--,HHZ,1.0,40.793,-124.7548333,1.383
22,,KRMB,--,HHZ,1.0,40.793,-124.7548333,1.383
22,,KOM,--,EHZ,1.0,40.793,-124.7548333,1.383
22,,KMR,--,HHZ,1.0,40.793,-124.7548333,1.383
22,,KMPB,--,HHZ,1.0,40.793,-124.7548333,1.383
22,,M02C,--,HHZ,-1.0,40.793,-124.7548333,1.383
23,,GASB,00,HHZ,1.0,39.974,-123.1356667,0.454
23,,KPP,--,EHZ,1.0,39.974,-123.1356667,0.454
23,,GVV,--,EHZ,1.0,39.974,-123.1356667,0.454
23,,KBN,--,EHZ,-1.0,39.974,-123.1356667,0.454
23,,KFP,--,EHZ,1.0,39.974,-123.1356667,0.454
23,,KIP,--,EHZ,1.0,39.974,-123.1356667,0.454
23,,KKP,--,EHZ,1.0,39.974,-123.1356667,0.454
23,,LBP,--,EHZ,-1.0,39.974,-123.1356667,0.454
23,,LRB,--,EHZ,1.0,39.974,-123.1356667,0.454
23,,LVR,--,EHZ,1.0,39.974,-123.1356667,0.454
23,,B047,--,EHZ,-1.0,39.974,-123.1356667,0.454
23,,GRO,--,EHZ,1.0,39.974,-123.1356667,0.454
23,,GHM,--,EHZ,1.0,39.974,-123.1356667,0.454
23,,O02D,--,HHZ,-1.0,39.974,-123.1356667,0.454
24,,KRMB,--,HHZ,1.0,41.3455,-123.3761667,33.536
24,,K002,01,HNZ,-1.0,41.3455,-123.3761667,33.536
24,,KBN,--,EHZ,1.0,41.3455,-123.3761667,33.536
24,,KBS,02,EHZ,1.0,41.3455,-123.3761667,33.536
24,,B933,--,EHZ,1.0,41.3455,-123.3761667,33.536
24,,YBH,00,HHZ,1.0,41.3455,-123.3761667,33.536
24,,LGP,--,EHZ,1.0,41.3455,-123.3761667,33.536
24,,FS01B,--,BHZ,1.0,41.3455,-123.3761667,33.536
24,,FS05B,--,BHZ,1.0,41.3455,-123.3761667,33.536
24,,FS06B,--,BHZ,1.0,41.3455,-123.3761667,33.536
24,,YBH,50,HHZ,1.0,41.3455,-123.3761667,33.536
24,,M14B,--,BHZ,-1.0,41.3455,-123.3761667,33.536
24,,JCC,00,HHZ,1.0,41.3455,-123.3761667,33.536
24,,WDC,00,HHZ,1.0,41.3455,-123.3761667,33.536
24,,B935,--,EHZ,1.0,41.3455,-123.3761667,33.536
24,,M02C,--,HHZ,1.0,41.3455,-123.3761667,33.536
24,,KCR,02,EHZ,1.0,41.3455,-123.3761667,33.536
24,,KCS,--,EHZ,1.0,41.3455,-123.3761667,33.536
24,,KCT,--,HHZ,1.0,41.3455,-123.3761667,33.536
24,,KSXB,--,HHZ,1.0,41.3455,-123.3761667,33.536
24,,KHBB,--,HHZ,1.0,41.3455,-123.3761667,33.536
24,,KIP,--,EHZ,1.0,41.3455,-123.3761667,33.536
24,,KMPB,--,HHZ,-1.0,41.3455,-123.3761667,33.536
24,,KMR,--,HHZ,1.0,41.3455,-123.3761667,33.536
24,,KPP,--,EHZ,1.0,41.3455,-123.3761667,33.536
24,,KHMB,--,HHZ,1.0,41.3455,-123.3761667,33.536
24,,LAMB,--,EHZ,1.0,41.3455,-123.3761667,33.536
24,,N02D,--,HHZ,-1.0,41.3455,-123.3761667,33.536
24,,B047,--,EHZ,1.0,41.3455,-123.3761667,33.536
24,,B046,--,EHZ,1.0,41.3455,-123.3761667,33.536
24,,B045,--,EHZ,1.0,41.3455,-123.3761667,33.536
24,,LSF,--,EHZ,1.0,41.3455,-123.3761667,33.536
24,,B932,--,EHZ,1.0,41.3455,-123.3761667,33.536
24,,LPK,--,EHZ,1.0,41.3455,-123.3761667,33.536
24,,LBP,--,EHZ,1.0,41.3455,-123.3761667,33.536
24,,KSM,02,EHZ,1.0,41.3455,-123.3761667,33.536
24,,KCO,--,EHZ,1.0,41.3455,-123.3761667,33.536
24,,B049,--,EHZ,1.0,41.3455,-123.3761667,33.536
25,,N02D,--,HHZ,1.0,41.2576667,-123.4601667,32.523
25,,LSF,--,EHZ,-1.0,41.2576667,-123.4601667,32.523
25,,LRB,--,EHZ,-1.0,41.2576667,-123.4601667,32.523
25,,LPK,--,EHZ,1.0,41.2576667,-123.4601667,32.523
25,,LPG,--,EHZ,-1.0,41.2576667,-123.4601667,32.523
25,,LGP,--,EHZ,1.0,41.2576667,-123.4601667,32.523
25,,LBP,--,EHZ,1.0,41.2576667,-123.4601667,32.523
25,,LBK,--,EHZ,-1.0,41.2576667,-123.4601667,32.523
25,,KSM,02,EHZ,-1.0,41.2576667,-123.4601667,32.523
25,,KRMB,--,HHZ,1.0,41.2576667,-123.4601667,32.523
25,,LAMB,--,EHZ,-1.0,41.2576667,-123.4601667,32.523
25,,B046,--,EHZ,-1.0,41.2576667,-123.4601667,32.523
25,,KPP,--,EHZ,-1.0,41.2576667,-123.4601667,32.523
25,,KTR,--,EHZ,-1.0,41.2576667,-123.4601667,32.523
25,,O02D,--,HHZ,1.0,41.2576667,-123.4601667,32.523
25,,M02C,--,HHZ,-1.0,41.2576667,-123.4601667,32.523
25,,B933,--,EHZ,1.0,41.2576667,-123.4601667,32.523
25,,B932,--,EHZ,-1.0,41.2576667,-123.4601667,32.523
25,,B047,--,EHZ,-1.0,41.2576667,-123.4601667,32.523
25,,KIP,--,EHZ,-1.0,41.2576667,-123.4601667,32.523
25,,KHMB,--,HHZ,1.0,41.2576667,-123.4601667,32.523
25,,B049,--,EHZ,-1.0,41.2576667,-123.4601667,32.523
25,,GASB,00,HHZ,-1.0,41.2576667,-123.4601667,32.523
25,,WDC,00,HHZ,1.0,41.2576667,-123.4601667,32.523
25,,YBH,00,HHZ,-1.0,41.2576667,-123.4601667,32.523
25,,YBH,50,HHZ,-1.0,41.2576667,-123.4601667,32.523
25,,K002,01,HNZ,1.0,41.2576667,-123.4601667,32.523
25,,KBS,02,EHZ,-1.0,41.2576667,-123.4601667,32.523
25,,KHBB,--,HHZ,1.0,41.2576667,-123.4601667,32.523
25,,KCO,--,EHZ,-1.0,41.2576667,-123.4601667,32.523
25,,KCS,--,EHZ,-1.0,41.2576667,-123.4601667,32.523
25,,KCR,02,EHZ,1.0,41.2576667,-123.4601667,32.523
26,,K004,01,HNZ,-1.0,40.9835,-124.7498333,8.635
26,,KSM,02,EHZ,-1.0,40.9835,-124.7498333,8.635
26,,K003,01,HNZ,1.0,40.9835,-124.7498333,8.635
26,,KCR,02,EHZ,1.0,40.9835,-124.7498333,8.635
26,,99640,--,HNZ,1.0,40.9835,-124.7498333,8.635
26,,89781,--,HNZ,1.0,40.9835,-124.7498333,8.635
26,,89509,--,HNZ,1.0,40.9835,-124.7498333,8.635
26,,89462,--,HNZ,1.0,40.9835,-124.7498333,8.635
26,,89255,--,HNZ,1.0,40.9835,-124.7498333,8.635
26,,89101,--,HNZ,-1.0,40.9835,-124.7498333,8.635
26,,KCS,--,EHZ,1.0,40.9835,-124.7498333,8.635
26,,JCC,00,HHZ,1.0,40.9835,-124.7498333,8.635
26,,KKP,--,EHZ,1.0,40.9835,-124.7498333,8.635
26,,KBN,--,EHZ,1.0,40.9835,-124.7498333,8.635
26,,KCT,--,HHZ,-1.0,40.9835,-124.7498333,8.635
26,,KHBB,--,HHZ,1.0,40.9835,-124.7498333,8.635
26,,KHMB,--,HHZ,1.0,40.9835,-124.7498333,8.635
26,,KMPB,--,HHZ,1.0,40.9835,-124.7498333,8.635
26,,KMR,--,HHZ,1.0,40.9835,-124.7498333,8.635
26,,B045,--,EHZ,1.0,40.9835,-124.7498333,8.635
26,,B046,--,EHZ,-1.0,40.9835,-124.7498333,8.635
26,,B047,--,EHZ,-1.0,40.9835,-124.7498333,8.635
26,,B049,--,EHZ,1.0,40.9835,-124.7498333,8.635
26,,B932,--,EHZ,-1.0,40.9835,-124.7498333,8.635
26,,B933,--,EHZ,-1.0,40.9835,-124.7498333,8.635
26,,B934,--,EHZ,1.0,40.9835,-124.7498333,8.635
26,,B935,--,EHZ,1.0,40.9835,-124.7498333,8.635
26,,KIP,--,EHZ,-1.0,40.9835,-124.7498333,8.635
26,,KBS,02,EHZ,1.0,40.9835,-124.7498333,8.635
26,,KCO,--,EHZ,-1.0,40.9835,-124.7498333,8.635
26,,KPP,--,EHZ,1.0,40.9835,-124.7498333,8.635
27,,B935,--,EHZ,-1.0,40.5763333,-123.734,22.282
27,,M02C,--,HHZ,-1.0,40.5763333,-123.734,22.282
27,,N02D,--,HHZ,1.0,40.5763333,-123.734,22.282
27,,KBN,--,EHZ,1.0,40.5763333,-123.734,22.282
27,,KBS,02,EHZ,1.0,40.5763333,-123.734,22.282
27,,KCO,--,EHZ,-1.0,40.5763333,-123.734,22.282
27,,KCPB,--,HHZ,1.0,40.5763333,-123.734,22.282
27,,KCR,02,EHZ,-1.0,40.5763333,-123.734,22.282
27,,KCS,--,EHZ,-1.0,40.5763333,-123.734,22.282
27,,KCT,--,HHZ,1.0,40.5763333,-123.734,22.282
27,,KHBB,--,HHZ,1.0,40.5763333,-123.734,22.282
27,,KKP,--,EHZ,1.0,40.5763333,-123.734,22.282
27,,GB260,--,HHZ,1.0,40.5763333,-123.734,22.282
27,,O02D,--,HHZ,-1.0,40.5763333,-123.734,22.282
27,,KOM,02,EHZ,1.0,40.5763333,-123.734,22.282
27,,KMR,--,HHZ,1.0,40.5763333,-123.734,22.282
27,,B933,--,EHZ,-1.0,40.5763333,-123.734,22.282
27,,KMPB,--,HHZ,1.0,40.5763333,-123.734,22.282
27,,KHMB,--,HHZ,1.0,40.5763333,-123.734,22.282
27,,B932,--,EHZ,1.0,40.5763333,-123.734,22.282
27,,LVR,--,EHZ,-1.0,40.5763333,-123.734,22.282
27,,B047,--,EHZ,1.0,40.5763333,-123.734,22.282
27,,LRB,--,EHZ,1.0,40.5763333,-123.734,22.282
27,,LPK,--,EHZ,-1.0,40.5763333,-123.734,22.282
27,,LPG,--,EHZ,1.0,40.5763333,-123.734,22.282
27,,LGP,--,EHZ,1.0,40.5763333,-123.734,22.282
27,,LBP,--,EHZ,1.0,40.5763333,-123.734,22.282
27,,LBK,--,EHZ,1.0,40.5763333,-123.734,22.282
27,,KSM,02,EHZ,1.0,40.5763333,-123.734,22.282
27,,KRMB,--,HHZ,-1.0,40.5763333,-123.734,22.282
27,,KPP,--,EHZ,1.0,40.5763333,-123.734,22.282
27,,GASB,00,HHZ,-1.0,40.5763333,-123.734,22.282
27,,JCC,00,HHZ,1.0,40.5763333,-123.734,22.282
27,,WDC,00,HHZ,1.0,40.5763333,-123.734,22.282
27,,YBH,00,HHZ,-1.0,40.5763333,-123.734,22.282
27,,B045,--,EHZ,1.0,40.5763333,-123.734,22.282
27,,GNA,02,EHZ,1.0,40.5763333,-123.734,22.282
27,,GTC,--,EHZ,-1.0,40.5763333,-123.734,22.282
27,,K004,01,HNZ,-1.0,40.5763333,-123.734,22.282
27,,B046,--,EHZ,1.0,40.5763333,-123.734,22.282
27,,B049,--,EHZ,1.0,40.5763333,-123.734,22.282
27,,YBH,50,HHZ,-1.0,40.5763333,-123.734,22.282
28,,KCO,--,EHZ,-1.0,40.7906667,-124.8318333,5.344
28,,KCR,02,EHZ,-1.0,40.7906667,-124.8318333,5.344
28,,KFP,--,EHZ,-1.0,40.7906667,-124.8318333,5.344
28,,KMR,--,HHZ,1.0,40.7906667,-124.8318333,5.344
28,,KHMB,--,HHZ,1.0,40.7906667,-124.8318333,5.344
28,,KIP,--,EHZ,1.0,40.7906667,-124.8318333,5.344
28,,KMPB,--,HHZ,-1.0,40.7906667,-124.8318333,5.344
28,,KBS,02,EHZ,1.0,40.7906667,-124.8318333,5.344
28,,KRK,--,EHZ,1.0,40.7906667,-124.8318333,5.344
28,,KHBB,--,HHZ,1.0,40.7906667,-124.8318333,5.344
28,,KBN,--,EHZ,1.0,40.7906667,-124.8318333,5.344
28,,KOM,02,EHZ,1.0,40.7906667,-124.8318333,5.344
28,,GASB,00,HHZ,1.0,40.7906667,-124.8318333,5.344
28,,JCC,00,HHZ,1.0,40.7906667,-124.8318333,5.344
28,,GHM,--,EHZ,-1.0,40.7906667,-124.8318333,5.344
28,,GHO,--,EHZ,-1.0,40.7906667,-124.8318333,5.344
28,,GRO,--,EHZ,1.0,40.7906667,-124.8318333,5.344
28,,GTC,--,EHZ,1.0,40.7906667,-124.8318333,5.344
28,,GVV,--,EHZ,-1.0,40.7906667,-124.8318333,5.344
28,,KSM,02,EHZ,-1.0,40.7906667,-124.8318333,5.344
28,,KSXB,--,HHZ,-1.0,40.7906667,-124.8318333,5.344
28,,KRMB,--,HHZ,-1.0,40.7906667,-124.8318333,5.344
28,,LBK,--,EHZ,1.0,40.7906667,-124.8318333,5.344
28,,M02C,--,HHZ,1.0,40.7906667,-124.8318333,5.344
28,,O02D,--,HHZ,-1.0,40.7906667,-124.8318333,5.344
28,,GB080,--,HHZ,-1.0,40.7906667,-124.8318333,5.344
28,,GB260,--,HHZ,-1.0,40.7906667,-124.8318333,5.344
28,,GB360,--,HHZ,1.0,40.7906667,-124.8318333,5.344
28,,B935,--,EHZ,1.0,40.7906667,-124.8318333,5.344
28,,B933,--,EHZ,-1.0,40.7906667,-124.8318333,5.344
28,,B932,--,EHZ,1.0,40.7906667,-124.8318333,5.344
28,,B047,--,EHZ,-1.0,40.7906667,-124.8318333,5.344
28,,B049,--,EHZ,1.0,40.7906667,-124.8318333,5.344
28,,LVR,--,EHZ,-1.0,40.7906667,-124.8318333,5.344
28,,LSF,--,EHZ,-1.0,40.7906667,-124.8318333,5.344
28,,LPG,--,EHZ,1.0,40.7906667,-124.8318333,5.344
28,,LGP,--,EHZ,-1.0,40.7906667,-124.8318333,5.344
29,,B049,--,EHZ,-1.0,40.9928333,-123.9318333,2.44
29,,B047,--,EHZ,-1.0,40.9928333,-123.9318333,2.44
29,,B045,--,EHZ,-1.0,40.9928333,-123.9318333,2.44
29,,LSF,--,EHZ,1.0,40.9928333,-123.9318333,2.44
29,,B046,--,EHZ,1.0,40.9928333,-123.9318333,2.44
29,,GB260,--,HHZ,1.0,40.9928333,-123.9318333,2.44
29,,B935,--,EHZ,1.0,40.9928333,-123.9318333,2.44
29,,M02C,--,HHZ,-1.0,40.9928333,-123.9318333,2.44
29,,N02D,--,HHZ,-1.0,40.9928333,-123.9318333,2.44
29,,LRB,--,EHZ,-1.0,40.9928333,-123.9318333,2.44
29,,WDC,00,HHZ,1.0,40.9928333,-123.9318333,2.44
29,,JCC,00,HHZ,1.0,40.9928333,-123.9318333,2.44
29,,LPK,--,EHZ,-1.0,40.9928333,-123.9318333,2.44
29,,LBP,--,EHZ,-1.0,40.9928333,-123.9318333,2.44
29,,LGP,--,EHZ,-1.0,40.9928333,-123.9318333,2.44
29,,LPG,--,EHZ,1.0,40.9928333,-123.9318333,2.44
29,,KCR,02,EHZ,-1.0,40.9928333,-123.9318333,2.44
29,,KBS,02,EHZ,1.0,40.9928333,-123.9318333,2.44
29,,KCS,--,EHZ,-1.0,40.9928333,-123.9318333,2.44
29,,KHBB,--,HHZ,1.0,40.9928333,-123.9318333,2.44
29,,LBK,--,EHZ,1.0,40.9928333,-123.9318333,2.44
29,,KTR,--,EHZ,1.0,40.9928333,-123.9318333,2.44
29,,KSXB,--,HHZ,-1.0,40.9928333,-123.9318333,2.44
29,,KSM,02,EHZ,-1.0,40.9928333,-123.9318333,2.44
29,,KRMB,--,HHZ,-1.0,40.9928333,-123.9318333,2.44
29,,KCT,--,HHZ,1.0,40.9928333,-123.9318333,2.44
29,,KOM,02,EHZ,-1.0,40.9928333,-123.9318333,2.44
29,,KMPB,--,HHZ,-1.0,40.9928333,-123.9318333,2.44
29,,KKP,--,EHZ,-1.0,40.9928333,-123.9318333,2.44
29,,KIP,--,EHZ,1.0,40.9928333,-123.9318333,2.44
29,,KHMB,--,HHZ,-1.0,40.9928333,-123.9318333,2.44
29,,KMR,--,HHZ,-1.0,40.9928333,-123.9318333,2.44
29,,KBN,--,EHZ,-1.0,40.9928333,-123.9318333,2.44
30,,G09D,--,BHZ,1.0,40.16,-123.2078333,36.705
30,,G01D,--,BHZ,1.0,40.16,-123.2078333,36.705
30,,KBN,--,EHZ,-1.0,40.16,-123.2078333,36.705
30,,JCC,00,HHZ,1.0,40.16,-123.2078333,36.705
30,,FS07D,--,BHZ,-1.0,40.16,-123.2078333,36.705
30,,FS41D,--,BHZ,1.0,40.16,-123.2078333,36.705
30,,FS17D,--,HHZ,1.0,40.16,-123.2078333,36.705
30,,FS16D,--,BHZ,1.0,40.16,-123.2078333,36.705
30,,FS15D,--,HHZ,1.0,40.16,-123.2078333,36.705
30,,FS14D,--,HHZ,-1.0,40.16,-123.2078333,36.705
30,,FS11D,--,HHZ,1.0,40.16,-123.2078333,36.705
30,,FS09D,--,BHZ,1.0,40.16,-123.2078333,36.705
30,,FS06D,--,BHZ,1.0,40.16,-123.2078333,36.705
30,,FS04D,--,BHZ,1.0,40.16,-123.2078333,36.705
30,,CM10A,--,EHZ,-1.0,40.16,-123.2078333,36.705
30,,CM09A,--,EHZ,-1.0,40.16,-123.2078333,36.705
30,,CM08A,--,EHZ,-1.0,40.16,-123.2078333,36.705
30,,CM07A,--,EHZ,-1.0,40.16,-123.2078333,36.705
30,,CM06A,--,EHZ,-1.0,40.16,-123.2078333,36.705
30,,CM05A,--,EHZ,-1.0,40.16,-123.2078333,36.705
30,,CM04A,--,EHZ,-1.0,40.16,-123.2078333,36.705
30,,CM03A,--,EHZ,-1.0,40.16,-123.2078333,36.705
30,,CM02A,--,EHZ,-1.0,40.16,-123.2078333,36.705
30,,CM01A,--,EHZ,-1.0,40.16,-123.2078333,36.705
30,,FS02D,--,BHZ,1.0,40.16,-123.2078333,36.705
30,,KBS,02,EHZ,1.0,40.16,-123.2078333,36.705
30,,B045,--,EHZ,1.0,40.16,-123.2078333,36.705
30,,B047,--,EHZ,1.0,40.16,-123.2078333,36.705
30,,B932,--,EHZ,1.0,40.16,-123.2078333,36.705
30,,B933,--,EHZ,1.0,40.16,-123.2078333,36.705
30,,B934,--,EHZ,1.0,40.16,-123.2078333,36.705
30,,B935,--,EHZ,1.0,40.16,-123.2078333,36.705
30,,KCO,--,EHZ,1.0,40.16,-123.2078333,36.705
30,,B049,--,EHZ,1.0,40.16,-123.2078333,36.705
30,,B046,--,EHZ,1.0,40.16,-123.2078333,36.705
30,,KHBB,--,HHZ,-1.0,40.16,-123.2078333,36.705
30,,KHMB,--,HHZ,-1.0,40.16,-123.2078333,36.705
30,,KIP,--,EHZ,-1.0,40.16,-123.2078333,36.705
30,,KKP,--,EHZ,1.0,40.16,-123.2078333,36.705
30,,KMPB,--,HHZ,1.0,40.16,-123.2078333,36.705
30,,KMR,--,HHZ,1.0,40.16,-123.2078333,36.705
30,,KOM,02,EHZ,-1.0,40.16,-123.2078333,36.705
30,,KCS,--,EHZ,1.0,40.16,-123.2078333,36.705
30,,KCT,--,HHZ,1.0,40.16,-123.2078333,36.705
30,,KCR,02,EHZ,1.0,40.16,-123.2078333,36.705
30,,KPP,--,EHZ,1.0,40.16,-123.2078333,36.705
30,,KRP,--,HHZ,-1.0,40.16,-123.2078333,36.705
30,,KSM,02,EHZ,1.0,40.16,-123.2078333,36.705
31,,FS13D,--,BHZ,-1.0,40.3911667,-124.265,10.829
31,,FS12D,--,HHZ,1.0,40.3911667,-124.265,10.829
31,,FS10D,--,BHZ,-1.0,40.3911667,-124.265,10.829
31,,LPG,--,EHZ,1.0,40.3911667,-124.265,10.829
31,,FS14D,--,HHZ,1.0,40.3911667,-124.265,10.829
31,,FS16D,--,BHZ,-1.0,40.3911667,-124.265,10.829
31,,LPK,--,EHZ,-1.0,40.3911667,-124.265,10.829
31,,LSF,--,EHZ,-1.0,40.3911667,-124.265,10.829
31,,LVR,--,EHZ,-1.0,40.3911667,-124.265,10.829
31,,B045,--,EHZ,-1.0,40.3911667,-124.265,10.829
31,,B046,--,EHZ,1.0,40.3911667,-124.265,10.829
31,,B047,--,EHZ,-1.0,40.3911667,-124.265,10.829
31,,FS09D,--,BHZ,-1.0,40.3911667,-124.265,10.829
31,,KTR,--,EHZ,1.0,40.3911667,-124.265,10.829
31,,FS07D,--,BHZ,-1.0,40.3911667,-124.265,10.829
31,,KIP,--,EHZ,1.0,40.3911667,-124.265,10.829
31,,KKP,--,EHZ,1.0,40.3911667,-124.265,10.829
31,,KMPB,--,HHZ,-1.0,40.3911667,-124.265,10.829
31,,KMR,--,HHZ,1.0,40.3911667,-124.265,10.829
31,,KPP,--,EHZ,1.0,40.3911667,-124.265,10.829
31,,KRK,--,EHZ,1.0,40.3911667,-124.265,10.829
31,,KRMB,--,HHZ,1.0,40.3911667,-124.265,10.829
31,,KRP,--,HHZ,1.0,40.3911667,-124.265,10.829
31,,B049,--,EHZ,1.0,40.3911667,-124.265,10.829
31,,KSXB,--,HHZ,1.0,40.3911667,-124.265,10.829
31,,LBK,--,EHZ,1.0,40.3911667,-124.265,10.829
31,,LBP,--,EHZ,1.0,40.3911667,-124.265,10.829
31,,LGP,--,EHZ,1.0,40.3911667,-124.265,10.829
31,,FS04D,--,BHZ,-1.0,40.3911667,-124.265,10.829
31,,FS06D,--,BHZ,-1.0,40.3911667,-124.265,10.829
31,,B932,--,EHZ,-1.0,40.3911667,-124.265,10.829
31,,B933,--,EHZ,-1.0,40.3911667,-124.265,10.829
31,,G09D,--,BHZ,-1.0,40.3911667,-124.265,10.829
31,,G10D,--,BHZ,1.0,40.3911667,-124.265,10.829
31,,GASB,00,HHZ,1.0,40.3911667,-124.265,10.829
31,,JCC,00,HHZ,1.0,40.3911667,-124.265,10.829
31,,WDC,00,HHZ,1.0,40.3911667,-124.265,10.829
31,,YBH,00,HHZ,1.0,40.3911667,-124.265,10.829
31,,YBH,50,HHZ,1.0,40.3911667,-124.265,10.829
31,,GHL,--,EHZ,1.0,40.3911667,-124.265,10.829
31,,GTC,--,EHZ,-1.0,40.3911667,-124.265,10.829
31,,GVV,--,EHZ,1.0,40.3911667,-124.265,10.829
31,,KBN,--,EHZ,1.0,40.3911667,-124.265,10.829
31,,KBS,02,EHZ,1.0,40.3911667,-124.265,10.829
31,,G02D,--,HHZ,-1.0,40.3911667,-124.265,10.829
31,,G01D,--,BHZ,-1.0,40.3911667,-124.265,10.829
31,,KHMB,--,HHZ,1.0,40.3911667,-124.265,10.829
31,,B935,--,EHZ,1.0,40.3911667,-124.265,10.829
31,,M02C,--,HHZ,-1.0,40.3911667,-124.265,10.829
31,,N02D,--,HHZ,1.0,40.3911667,-124.265,10.829
31,,O02D,--,HHZ,1.0,40.3911667,-124.265,10.829
31,,KHBB,--,HHZ,1.0,40.3911667,-124.265,10.829
31,,KFP,--,EHZ,1.0,40.3911667,-124.265,10.829
31,,KCS,--,EHZ,1.0,40.3911667,-124.265,10.829
31,,KCR,02,EHZ,-1.0,40.3911667,-124.265,10.829
31,,KCPB,--,HHZ,1.0,40.3911667,-124.265,10.829
31,,KCO,--,EHZ,-1.0,40.3911667,-124.265,10.829
31,,FS17D,--,HHZ,-1.0,40.3911667,-124.265,10.829
31,,FS42D,--,HHZ,-1.0,40.3911667,-124.265,10.829
31,,FS43D,--,HHZ,-1.0,40.3911667,-124.265,10.829
31,,KCT,--,HHZ,1.0,40.3911667,-124.265,10.829
31,,CM01A,--,EHZ,1.0,40.3911667,-124.265,10.829
31,,FS02D,--,BHZ,-1.0,40.3911667,-124.265,10.829
31,,CM08A,--,EHZ,-1.0,40.3911667,-124.265,10.829
31,,CM10A,--,EHZ,-1.0,40.3911667,-124.265,10.829
31,,CM03A,--,EHZ,1.0,40.3911667,-124.265,10.829
31,,KOM,02,EHZ,1.0,40.3911667,-124.265,10.829
32,,CM03A,--,EHZ,1.0,40.3218333,-123.4673333,21.946
32,,KBS,02,EHZ,1.0,40.3218333,-123.4673333,21.946
32,,WDC,00,HHZ,-1.0,40.3218333,-123.4673333,21.946
32,,KFP,--,EHZ,1.0,40.3218333,-123.4673333,21.946
32,,KHBB,--,HHZ,1.0,40.3218333,-123.4673333,21.946
32,,KKP,--,EHZ,1.0,40.3218333,-123.4673333,21.946
32,,O02D,--,HHZ,1.0,40.3218333,-123.4673333,21.946
32,,B049,--,EHZ,1.0,40.3218333,-123.4673333,21.946
32,,B047,--,EHZ,-1.0,40.3218333,-123.4673333,21.946
32,,KIP,--,EHZ,1.0,40.3218333,-123.4673333,21.946
32,,B933,--,EHZ,1.0,40.3218333,-123.4673333,21.946
32,,N02D,--,HHZ,1.0,40.3218333,-123.4673333,21.946
32,,B935,--,EHZ,-1.0,40.3218333,-123.4673333,21.946
32,,LVR,--,EHZ,1.0,40.3218333,-123.4673333,21.946
32,,LGP,--,EHZ,-1.0,40.3218333,-123.4673333,21.946
32,,LBP,--,EHZ,1.0,40.3218333,-123.4673333,21.946
32,,KMR,--,HHZ,1.0,40.3218333,-123.4673333,21.946
32,,B932,--,EHZ,-1.0,40.3218333,-123.4673333,21.946
33,,B932,--,EHZ,1.0,40.1501667,-123.8448333,22.74
33,,B935,--,EHZ,1.0,40.1501667,-123.8448333,22.74
33,,B934,--,EHZ,-1.0,40.1501667,-123.8448333,22.74
33,,B933,--,EHZ,1.0,40.1501667,-123.8448333,22.74
33,,B049,--,EHZ,-1.0,40.1501667,-123.8448333,22.74
33,,KCT,--,HHZ,1.0,40.1501667,-123.8448333,22.74
33,,B046,--,EHZ,1.0,40.1501667,-123.8448333,22.74
33,,KBN,--,EHZ,1.0,40.1501667,-123.8448333,22.74
33,,KCO,--,HNZ,1.0,40.1501667,-123.8448333,22.74
33,,KCPB,--,HHZ,1.0,40.1501667,-123.8448333,22.74
33,,KCR,02,EHZ,-1.0,40.1501667,-123.8448333,22.74
33,,KFP,--,EHZ,1.0,40.1501667,-123.8448333,22.74
33,,KHBB,--,HHZ,-1.0,40.1501667,-123.8448333,22.74
33,,KHMB,--,HHZ,1.0,40.1501667,-123.8448333,22.74
33,,KKP,--,EHZ,1.0,40.1501667,-123.8448333,22.74
33,,KMR,--,HHZ,-1.0,40.1501667,-123.8448333,22.74
33,,KPP,--,EHZ,1.0,40.1501667,-123.8448333,22.74
33,,KSM,02,EHZ,1.0,40.1501667,-123.8448333,22.74
33,,LBK,--,EHZ,1.0,40.1501667,-123.8448333,22.74
33,,LBP,--,EHZ,1.0,40.1501667,-123.8448333,22.74
33,,KMPB,--,HHZ,1.0,40.1501667,-123.8448333,22.74
33,,GVV,--,EHZ,1.0,40.1501667,-123.8448333,22.74
33,,GTC,--,EHZ,1.0,40.1501667,-123.8448333,22.74
33,,B045,--,EHZ,1.0,40.1501667,-123.8448333,22.74
33,,1746,--,HNZ,1.0,40.1501667,-123.8448333,22.74
33,,1584,--,HNZ,-1.0,40.1501667,-123.8448333,22.74
33,,LVR,--,EHZ,1.0,40.1501667,-123.8448333,22.74
33,,LSF,--,EHZ,-1.0,40.1501667,-123.8448333,22.74
33,,LRB,--,EHZ,-1.0,40.1501667,-123.8448333,22.74
33,,LPK,--,EHZ,-1.0,40.1501667,-123.8448333,22.74
33,,LGP,--,EHZ,1.0,40.1501667,-123.8448333,22.74
33,,GASB,00,HHZ,1.0,40.1501667,-123.8448333,22.74
33,,JCC,00,HHZ,-1.0,40.1501667,-123.8448333,22.74
33,,YBH,50,HHZ,-1.0,40.1501667,-123.8448333,22.74
33,,GHO,--,EHZ,-1.0,40.1501667,-123.8448333,22.74
33,,B047,--,EHZ,1.0,40.1501667,-123.8448333,22.74
33,,KIP,--,EHZ,-1.0,40.1501667,-123.8448333,22.74
33,,LPG,--,EHZ,1.0,40.1501667,-123.8448333,22.74
34,,LBK,--,EHZ,1.0,40.4196667,-123.6545,22.01
34,,LBP,--,EHZ,1.0,40.4196667,-123.6545,22.01
34,,LGP,--,EHZ,1.0,40.4196667,-123.6545,22.01
34,,LPG,--,EHZ,1.0,40.4196667,-123.6545,22.01
34,,LRB,--,EHZ,1.0,40.4196667,-123.6545,22.01
34,,LSF,--,EHZ,1.0,40.4196667,-123.6545,22.01
34,,LVR,--,EHZ,-1.0,40.4196667,-123.6545,22.01
34,,1582,--,HNZ,-1.0,40.4196667,-123.6545,22.01
34,,1584,--,HNZ,1.0,40.4196667,-123.6545,22.01
34,,1586,--,HNZ,-1.0,40.4196667,-123.6545,22.01
34,,B045,--,EHZ,1.0,40.4196667,-123.6545,22.01
34,,B046,--,EHZ,1.0,40.4196667,-123.6545,22.01
34,,B047,--,EHZ,1.0,40.4196667,-123.6545,22.01
34,,B049,--,EHZ,1.0,40.4196667,-123.6545,22.01
34,,B935,--,EHZ,-1.0,40.4196667,-123.6545,22.01
34,,B934,--,EHZ,1.0,40.4196667,-123.6545,22.01
34,,B932,--,EHZ,1.0,40.4196667,-123.6545,22.01
34,,KSM,02,EHZ,1.0,40.4196667,-123.6545,22.01
34,,KRMB,--,HHZ,-1.0,40.4196667,-123.6545,22.01
34,,GASB,00,HHZ,-1.0,40.4196667,-123.6545,22.01
34,,JCC,00,HHZ,1.0,40.4196667,-123.6545,22.01
34,,YBH,00,HHZ,1.0,40.4196667,-123.6545,22.01
34,,YBH,50,HHZ,-1.0,40.4196667,-123.6545,22.01
34,,GRO,--,EHZ,-1.0,40.4196667,-123.6545,22.01
34,,GTC,--,EHZ,-1.0,40.4196667,-123.6545,22.01
34,,GVV,--,EHZ,1.0,40.4196667,-123.6545,22.01
34,,KCO,--,HNZ,1.0,40.4196667,-123.6545,22.01
34,,KCPB,--,HHZ,-1.0,40.4196667,-123.6545,22.01
34,,KCR,02,EHZ,1.0,40.4196667,-123.6545,22.01
34,,KBN,--,EHZ,-1.0,40.4196667,-123.6545,22.01
34,,KFP,--,EHZ,-1.0,40.4196667,-123.6545,22.01
34,,KPP,--,EHZ,1.0,40.4196667,-123.6545,22.01
34,,KMR,--,HHZ,1.0,40.4196667,-123.6545,22.01
34,,KMPB,--,HHZ,1.0,40.4196667,-123.6545,22.01
34,,KKP,--,EHZ,1.0,40.4196667,-123.6545,22.01
34,,KCT,--,HHZ,1.0,40.4196667,-123.6545,22.01
34,,KIP,--,EHZ,-1.0,40.4196667,-123.6545,22.01
34,,KHMB,--,HHZ,1.0,40.4196667,-123.6545,22.01
34,,KHBB,--,HHZ,1.0,40.4196667,-123.6545,22.01
35,,GRO,--,EHZ,-1.0,40.6891667,-124.2111667,1.88
35,,89781,10,HNZ,-1.0,40.6891667,-124.2111667,1.88
35,,TRIN,00,HHZ,1.0,40.6891667,-124.2111667,1.88
35,,YBH,00,HHZ,-1.0,40.6891667,-124.2111667,1.88
35,,YBH,50,HHZ,-1.0,40.6891667,-124.2111667,1.88
35,,KCR,02,EHZ,1.0,40.6891667,-124.2111667,1.88
35,,PETY,00,HHZ,1.0,40.6891667,-124.2111667,1.88
35,,KCO,--,HNZ,-1.0,40.6891667,-124.2111667,1.88
35,,K003,01,HNZ,-1.0,40.6891667,-124.2111667,1.88
35,,GVV,--,EHZ,-1.0,40.6891667,-124.2111667,1.88
35,,LPK,--,EHZ,1.0,40.6891667,-124.2111667,1.88
35,,LPG,--,EHZ,1.0,40.6891667,-124.2111667,1.88
35,,LGP,--,EHZ,1.0,40.6891667,-124.2111667,1.88
35,,LBP,--,EHZ,-1.0,40.6891667,-124.2111667,1.88
35,,KSXB,--,HHZ,1.0,40.6891667,-124.2111667,1.88
35,,KRP,--,HHZ,-1.0,40.6891667,-124.2111667,1.88
35,,KRMB,--,HHZ,1.0,40.6891667,-124.2111667,1.88
35,,KOM,02,HNZ,1.0,40.6891667,-124.2111667,1.88
35,,KMR,--,HHZ,1.0,40.6891667,-124.2111667,1.88
35,,KMPB,--,HHZ,-1.0,40.6891667,-124.2111667,1.88
35,,KIP,--,EHZ,-1.0,40.6891667,-124.2111667,1.88
35,,KHMB,--,HHZ,-1.0,40.6891667,-124.2111667,1.88
35,,KHBB,--,HHZ,1.0,40.6891667,-124.2111667,1.88
35,,JCC,00,HHZ,-1.0,40.6891667,-124.2111667,1.88
35,,KCT,--,HHZ,-1.0,40.6891667,-124.2111667,1.88
35,,B045,--,EHZ,-1.0,40.6891667,-124.2111667,1.88
35,,B046,--,EHZ,-1.0,40.6891667,-124.2111667,1.88
35,,B047,--,EHZ,-1.0,40.6891667,-124.2111667,1.88
35,,B049,--,EHZ,-1.0,40.6891667,-124.2111667,1.88
35,,B932,--,EHZ,-1.0,40.6891667,-124.2111667,1.88
35,,B935,--,EHZ,1.0,40.6891667,-124.2111667,1.88
35,,1746,--,HNZ,-1.0,40.6891667,-124.2111667,1.88
35,,89101,10,HNZ,-1.0,40.6891667,-124.2111667,1.88
35,,89255,10,HNZ,-1.0,40.6891667,-124.2111667,1.88
35,,1584,--,HNZ,-1.0,40.6891667,-124.2111667,1.88
35,,89462,10,HNZ,1.0,40.6891667,-124.2111667,1.88
35,,LSF,--,EHZ,-1.0,40.6891667,-124.2111667,1.88
35,,LVR,--,EHZ,1.0,40.6891667,-124.2111667,1.88
35,,1023,10,HNZ,-1.0,40.6891667,-124.2111667,1.88
35,,1580,01,HNZ,-1.0,40.6891667,-124.2111667,1.88
35,,1582,--,HNZ,1.0,40.6891667,-124.2111667,1.88
36,,KMR,--,HHZ,1.0,40.5561667,-123.171,29.31
36,,B935,--,EHZ,1.0,40.5561667,-123.171,29.31
36,,GASB,00,HHZ,-1.0,40.5561667,-123.171,29.31
36,,JCC,00,HHZ,1.0,40.5561667,-123.171,29.31
36,,PETY,00,HHZ,1.0,40.5561667,-123.171,29.31
36,,SCOT,00,HHZ,1.0,40.5561667,-123.171,29.31
36,,TRIN,00,HHZ,-1.0,40.5561667,-123.171,29.31
36,,YBH,00,HHZ,-1.0,40.5561667,-123.171,29.31
36,,YBH,50,HHZ,-1.0,40.5561667,-123.171,29.31
36,,GHM,--,EHZ,1.0,40.5561667,-123.171,29.31
36,,LSF,--,EHZ,1.0,40.5561667,-123.171,29.31
36,,GRO,--,EHZ,1.0,40.5561667,-123.171,29.31
36,,GTC,--,EHZ,-1.0,40.5561667,-123.171,29.31
36,,GVV,--,EHZ,1.0,40.5561667,-123.171,29.31
36,,KBN,--,EHZ,-1.0,40.5561667,-123.171,29.31
36,,LVR,--,EHZ,0.0,40.5561667,-123.171,29.31
36,,B049,--,EHZ,1.0,40.5561667,-123.171,29.31
36,,KMPB,--,HHZ,1.0,40.5561667,-123.171,29.31
36,,KIP,--,EHZ,-1.0,40.5561667,-123.171,29.31
36,,KHMB,--,HHZ,1.0,40.5561667,-123.171,29.31
36,,KHBB,--,HHZ,-1.0,40.5561667,-123.171,29.31
36,,KCT,--,HHZ,-1.0,40.5561667,-123.171,29.31
36,,KCR,02,EHZ,1.0,40.5561667,-123.171,29.31
36,,KRMB,--,HHZ,1.0,40.5561667,-123.171,29.31
36,,KRP,--,HHZ,-1.0,40.5561667,-123.171,29.31
36,,LAMB,--,EHZ,-1.0,40.5561667,-123.171,29.31
36,,LBP,--,EHZ,1.0,40.5561667,-123.171,29.31
36,,LPG,--,EHZ,-1.0,40.5561667,-123.171,29.31
36,,LPK,--,EHZ,-1.0,40.5561667,-123.171,29.31
36,,LRB,--,EHZ,-1.0,40.5561667,-123.171,29.31
36,,B045,--,EHZ,1.0,40.5561667,-123.171,29.31
36,,B047,--,EHZ,1.0,40.5561667,-123.171,29.31
37,,GTS,--,EHZ,1.0,40.4846667,-123.39,30.44
37,,KPP,--,EHZ,-1.0,40.4846667,-123.39,30.44
37,,KRMB,--,HHZ,1.0,40.4846667,-123.39,30.44
37,,KRP,--,HHZ,-1.0,40.4846667,-123.39,30.44
37,,KSXB,--,HHZ,1.0,40.4846667,-123.39,30.44
37,,LAMB,--,EHZ,1.0,40.4846667,-123.39,30.44
37,,LBP,--,EHZ,1.0,40.4846667,-123.39,30.44
37,,LPG,--,EHZ,1.0,40.4846667,-123.39,30.44
37,,LPK,--,EHZ,-1.0,40.4846667,-123.39,30.44
37,,LRB,--,EHZ,-1.0,40.4846667,-123.39,30.44
37,,LSF,--,EHZ,1.0,40.4846667,-123.39,30.44
37,,LVR,--,EHZ,1.0,40.4846667,-123.39,30.44
37,,1582,--,HNZ,-1.0,40.4846667,-123.39,30.44
37,,B045,--,EHZ,-1.0,40.4846667,-123.39,30.44
37,,B046,--,EHZ,-1.0,40.4846667,-123.39,30.44
37,,B047,--,EHZ,-1.0,40.4846667,-123.39,30.44
37,,B049,--,EHZ,-1.0,40.4846667,-123.39,30.44
37,,B932,--,EHZ,-1.0,40.4846667,-123.39,30.44
37,,GTC,--,EHZ,1.0,40.4846667,-123.39,30.44
37,,B934,--,EHZ,1.0,40.4846667,-123.39,30.44
37,,B935,--,EHZ,1.0,40.4846667,-123.39,30.44
37,,KOM,02,HNZ,1.0,40.4846667,-123.39,30.44
37,,KMR,--,HHZ,-1.0,40.4846667,-123.39,30.44
37,,B933,--,EHZ,-1.0,40.4846667,-123.39,30.44
37,,KKP,--,EHZ,1.0,40.4846667,-123.39,30.44
37,,89462,10,HNZ,1.0,40.4846667,-123.39,30.44
37,,89781,10,HNZ,1.0,40.4846667,-123.39,30.44
37,,GHL,--,EHZ,1.0,40.4846667,-123.39,30.44
37,,GHM,--,EHZ,1.0,40.4846667,-123.39,30.44
37,,GRO,--,EHZ,1.0,40.4846667,-123.39,30.44
37,,KCT,--,HHZ,-1.0,40.4846667,-123.39,30.44
37,,KCR,02,EHZ,-1.0,40.4846667,-123.39,30.44
37,,KCPB,--,HHZ,1.0,40.4846667,-123.39,30.44
37,,KCO,--,HNZ,-1.0,40.4846667,-123.39,30.44
37,,KBN,--,EHZ,1.0,40.4846667,-123.39,30.44
37,,GVV,--,EHZ,1.0,40.4846667,-123.39,30.44
37,,KMPB,--,HHZ,-1.0,40.4846667,-123.39,30.44
37,,89255,10,HNZ,1.0,40.4846667,-123.39,30.44
37,,KIP,--,EHZ,1.0,40.4846667,-123.39,30.44
37,,YBH,00,HHZ,-1.0,40.4846667,-123.39,30.44
37,,KHMB,--,HHZ,1.0,40.4846667,-123.39,30.44
37,,KHBB,--,HHZ,-1.0,40.4846667,-123.39,30.44
37,,KFP,--,EHZ,1.0,40.4846667,-123.39,30.44
37,,DCMP,00,HHZ,1.0,40.4846667,-123.39,30.44
37,,YBH,50,HHZ,-1.0,40.4846667,-123.39,30.44
37,,JCC,00,HHZ,-1.0,40.4846667,-123.39,30.44
37,,PETY,00,HHZ,1.0,40.4846667,-123.39,30.44
37,,SCOT,00,HHZ,-1.0,40.4846667,-123.39,30.44
37,,TRIN,00,HHZ,-1.0,40.4846667,-123.39,30.44
37,,GASB,00,HHZ,1.0,40.4846667,-123.39,30.44
38,,KMPB,--,HHZ,1.0,40.6256667,-123.2111667,29.41
38,,KHMB,--,HHZ,1.0,40.6256667,-123.2111667,29.41
38,,KHBB,--,HHZ,-1.0,40.6256667,-123.2111667,29.41
38,,KCT,--,HHZ,1.0,40.6256667,-123.2111667,29.41
38,,KMR,--,HHZ,-1.0,40.6256667,-123.2111667,29.41
38,,KPP,--,EHZ,1.0,40.6256667,-123.2111667,29.41
38,,KRMB,--,HHZ,1.0,40.6256667,-123.2111667,29.41
38,,KRP,--,HHZ,1.0,40.6256667,-123.2111667,29.41
38,,KSM,02,EHZ,1.0,40.6256667,-123.2111667,29.41
38,,KSXB,--,HHZ,1.0,40.6256667,-123.2111667,29.41
38,,LAMB,--,EHZ,-1.0,40.6256667,-123.2111667,29.41
38,,LBK,--,EHZ,-1.0,40.6256667,-123.2111667,29.41
38,,LBP,--,EHZ,1.0,40.6256667,-123.2111667,29.41
38,,LPG,--,EHZ,1.0,40.6256667,-123.2111667,29.41
38,,LRB,--,EHZ,-1.0,40.6256667,-123.2111667,29.41
38,,LSF,--,EHZ,1.0,40.6256667,-123.2111667,29.41
38,,LVR,--,EHZ,-1.0,40.6256667,-123.2111667,29.41
38,,1582,--,HNZ,1.0,40.6256667,-123.2111667,29.41
38,,KKP,--,EHZ,-1.0,40.6256667,-123.2111667,29.41
38,,B049,--,EHZ,1.0,40.6256667,-123.2111667,29.41
38,,GHL,--,EHZ,1.0,40.6256667,-123.2111667,29.41
38,,GHM,--,EHZ,-1.0,40.6256667,-123.2111667,29.41
38,,LGP,--,EHZ,-1.0,40.6256667,-123.2111667,29.41
38,,B045,--,EHZ,1.0,40.6256667,-123.2111667,29.41
38,,B046,--,EHZ,1.0,40.6256667,-123.2111667,29.41
38,,GTC,--,EHZ,-1.0,40.6256667,-123.2111667,29.41
38,,GVV,--,EHZ,1.0,40.6256667,-123.2111667,29.41
38,,KBN,--,EHZ,-1.0,40.6256667,-123.2111667,29.41
38,,KCPB,--,HHZ,-1.0,40.6256667,-123.2111667,29.41
38,,KCR,02,EHZ,1.0,40.6256667,-123.2111667,29.41
38,,GTS,--,EHZ,1.0,40.6256667,-123.2111667,29.41
38,,B047,--,EHZ,1.0,40.6256667,-123.2111667,29.41
38,,B932,--,EHZ,1.0,40.6256667,-123.2111667,29.41
38,,B934,--,EHZ,-1.0,40.6256667,-123.2111667,29.41
38,,B935,--,EHZ,1.0,40.6256667,-123.2111667,29.41
38,,TRNT,20,HNZ,-1.0,40.6256667,-123.2111667,29.41
38,,DCMP,00,HHZ,-1.0,40.6256667,-123.2111667,29.41
38,,GASB,00,HHZ,-1.0,40.6256667,-123.2111667,29.41
38,,JCC,00,HHZ,1.0,40.6256667,-123.2111667,29.41
38,,SCOT,00,HHZ,1.0,40.6256667,-123.2111667,29.41
38,,TRIN,00,HHZ,-1.0,40.6256667,-123.2111667,29.41
38,,YBH,00,HHZ,-1.0,40.6256667,-123.2111667,29.41
38,,YBH,50,HHZ,-1.0,40.6256667,-123.2111667,29.41
38,,89255,10,HNZ,1.0,40.6256667,-123.2111667,29.41
39,,LSF,--,EHZ,1.0,40.9818333,-123.5788333,27.47
39,,1582,10,HNZ,-1.0,40.9818333,-123.5788333,27.47
39,,1580,01,HNZ,1.0,40.9818333,-123.5788333,27.47
39,,LVR,--,EHZ,-1.0,40.9818333,-123.5788333,27.47
39,,LRB,--,EHZ,-1.0,40.9818333,-123.5788333,27.47
39,,KPP,--,EHZ,-1.0,40.9818333,-123.5788333,27.47
39,,LBP,--,EHZ,-1.0,40.9818333,-123.5788333,27.47
39,,LAMB,--,EHZ,-1.0,40.9818333,-123.5788333,27.47
39,,KRP,--,HHZ,1.0,40.9818333,-123.5788333,27.47
39,,KOM,02,HNZ,-1.0,40.9818333,-123.5788333,27.47
39,,LPG,--,EHZ,1.0,40.9818333,-123.5788333,27.47
39,,1584,10,HNZ,1.0,40.9818333,-123.5788333,27.47
39,,1746,--,HNZ,1.0,40.9818333,-123.5788333,27.47
39,,B045,--,EHZ,1.0,40.9818333,-123.5788333,27.47
39,,KMR,--,HHZ,-1.0,40.9818333,-123.5788333,27.47
39,,B046,--,EHZ,1.0,40.9818333,-123.5788333,27.47
39,,B932,--,EHZ,1.0,40.9818333,-123.5788333,27.47
39,,B933,--,EHZ,1.0,40.9818333,-123.5788333,27.47
39,,B935,--,EHZ,-1.0,40.9818333,-123.5788333,27.47
39,,TRNT,20,HNZ,1.0,40.9818333,-123.5788333,27.47
39,,1586,10,HNZ,1.0,40.9818333,-123.5788333,27.47
39,,KMPB,--,HHZ,1.0,40.9818333,-123.5788333,27.47
39,,KCO,--,HNZ,1.0,40.9818333,-123.5788333,27.47
39,,KHMB,--,HHZ,-1.0,40.9818333,-123.5788333,27.47
39,,LBK,--,EHZ,1.0,40.9818333,-123.5788333,27.47
39,,GASB,00,HHZ,-1.0,40.9818333,-123.5788333,27.47
39,,JCC,00,HHZ,1.0,40.9818333,-123.5788333,27.47
39,,PETY,00,HHZ,1.0,40.9818333,-123.5788333,27.47
39,,SCOT,00,HHZ,1.0,40.9818333,-123.5788333,27.47
39,,SIGP,00,HHZ,1.0,40.9818333,-123.5788333,27.47
39,,TRIN,00,HHZ,1.0,40.9818333,-123.5788333,27.47
39,,WEAV,00,HHZ,1.0,40.9818333,-123.5788333,27.47
39,,YBH,00,HHZ,1.0,40.9818333,-123.5788333,27.47
39,,YBH,50,HHZ,1.0,40.9818333,-123.5788333,27.47
39,,89101,10,HNZ,1.0,40.9818333,-123.5788333,27.47
39,,KIP,--,EHZ,-1.0,40.9818333,-123.5788333,27.47
39,,89464,10,HNZ,-1.0,40.9818333,-123.5788333,27.47
39,,GRO,--,EHZ,1.0,40.9818333,-123.5788333,27.47
39,,GTC,--,EHZ,1.0,40.9818333,-123.5788333,27.47
39,,GVV,--,EHZ,-1.0,40.9818333,-123.5788333,27.47
39,,K003,01,HNZ,1.0,40.9818333,-123.5788333,27.47
39,,KBN,--,EHZ,1.0,40.9818333,-123.5788333,27.47
39,,KCR,02,EHZ,1.0,40.9818333,-123.5788333,27.47
39,,KCT,--,HHZ,1.0,40.9818333,-123.5788333,27.47
39,,KHBB,--,HHZ,1.0,40.9818333,-123.5788333,27.47
39,,89462,10,HNZ,-1.0,40.9818333,-123.5788333,27.47
39,,89781,10,HNZ,-1.0,40.9818333,-123.5788333,27.47
40,,KCR,02,EHZ,1.0,40.3006667,-124.4946667,6.44
40,,WEAV,00,HHZ,1.0,40.3006667,-124.4946667,6.44
40,,TRIN,00,HHZ,1.0,40.3006667,-124.4946667,6.44
40,,SIGP,00,HHZ,1.0,40.3006667,-124.4946667,6.44
40,,GASB,00,HHZ,-1.0,40.3006667,-124.4946667,6.44
40,,PETY,00,HHZ,1.0,40.3006667,-124.4946667,6.44
40,,JCC,00,HHZ,1.0,40.3006667,-124.4946667,6.44
40,,DCMP,00,HHZ,1.0,40.3006667,-124.4946667,6.44
40,,YBH,00,HHZ,1.0,40.3006667,-124.4946667,6.44
40,,SCOT,00,HHZ,1.0,40.3006667,-124.4946667,6.44
40,,YBH,50,HHZ,1.0,40.3006667,-124.4946667,6.44
40,,TRNT,20,HNZ,-1.0,40.3006667,-124.4946667,6.44
40,,KRP,--,HHZ,1.0,40.3006667,-124.4946667,6.44
40,,KRMB,--,HHZ,1.0,40.3006667,-124.4946667,6.44
40,,KOM,02,HNZ,1.0,40.3006667,-124.4946667,6.44
40,,KMR,--,HHZ,1.0,40.3006667,-124.4946667,6.44
40,,KMPB,--,HHZ,-1.0,40.3006667,-124.4946667,6.44
40,,LBK,--,EHZ,1.0,40.3006667,-124.4946667,6.44
40,,KIP,--,EHZ,1.0,40.3006667,-124.4946667,6.44
40,,KHMB,--,HHZ,1.0,40.3006667,-124.4946667,6.44
40,,KHBB,--,HHZ,-1.0,40.3006667,-124.4946667,6.44
40,,KCT,--,HHZ,-1.0,40.3006667,-124.4946667,6.44
40,,KCPB,--,HHZ,1.0,40.3006667,-124.4946667,6.44
40,,KCO,--,HNZ,-1.0,40.3006667,-124.4946667,6.44
40,,KBN,--,EHZ,-1.0,40.3006667,-124.4946667,6.44
40,,GWR,01,HNZ,1.0,40.3006667,-124.4946667,6.44
40,,LBP,--,EHZ,-1.0,40.3006667,-124.4946667,6.44
40,,B935,--,EHZ,1.0,40.3006667,-124.4946667,6.44
40,,B934,--,EHZ,-1.0,40.3006667,-124.4946667,6.44
40,,B933,--,EHZ,1.0,40.3006667,-124.4946667,6.44
40,,B932,--,EHZ,0.0,40.3006667,-124.4946667,6.44
40,,B049,--,EHZ,1.0,40.3006667,-124.4946667,6.44
40,,B047,--,EHZ,1.0,40.3006667,-124.4946667,6.44
40,,LPG,--,EHZ,-1.0,40.3006667,-124.4946667,6.44
40,,B046,--,EHZ,-1.0,40.3006667,-124.4946667,6.44
40,,1591,10,HNZ,1.0,40.3006667,-124.4946667,6.44
40,,1586,10,HNZ,1.0,40.3006667,-124.4946667,6.44
40,,1584,10,HNZ,-1.0,40.3006667,-124.4946667,6.44
40,,1582,10,HNZ,1.0,40.3006667,-124.4946667,6.44
40,,1580,01,HNZ,-1.0,40.3006667,-124.4946667,6.44
40,,LVR,--,EHZ,-1.0,40.3006667,-124.4946667,6.44
40,,LSF,--,EHZ,-1.0,40.3006667,-124.4946667,6.44
40,,B045,--,EHZ,1.0,40.3006667,-124.4946667,6.44
40,,GVV,--,EHZ,-1.0,40.3006667,-124.4946667,6.44
40,,KSXB,--,HHZ,1.0,40.3006667,-124.4946667,6.44
40,,GRO,--,EHZ,-1.0,40.3006667,-124.4946667,6.44
40,,89462,10,HNZ,1.0,40.3006667,-124.4946667,6.44
40,,89101,10,HNZ,-1.0,40.3006667,-124.4946667,6.44
40,,89101,--,HNZ,-1.0,40.3006667,-124.4946667,6.44
40,,79435,10,HNZ,-1.0,40.3006667,-124.4946667,6.44
40,,89255,10,HNZ,1.0,40.3006667,-124.4946667,6.44
40,,89781,10,HNZ,-1.0,40.3006667,-124.4946667,6.44
40,,89464,10,HNZ,1.0,40.3006667,-124.4946667,6.44
41,,B932,--,EHZ,-1.0,40.7311667,-124.089,7.9
41,,DCMP,00,HHZ,-1.0,40.7311667,-124.089,7.9
41,,JCC,00,HHZ,-1.0,40.7311667,-124.089,7.9
41,,PETY,00,HHZ,-1.0,40.7311667,-124.089,7.9
41,,B049,--,EHZ,-1.0,40.7311667,-124.089,7.9
41,,B935,--,EHZ,1.0,40.7311667,-124.089,7.9
41,,B047,--,EHZ,-1.0,40.7311667,-124.089,7.9
41,,1584,10,HNZ,-1.0,40.7311667,-124.089,7.9
41,,B046,--,EHZ,-1.0,40.7311667,-124.089,7.9
41,,B045,--,EHZ,-1.0,40.7311667,-124.089,7.9
41,,1586,10,HNZ,-1.0,40.7311667,-124.089,7.9
41,,SCOT,00,HHZ,-1.0,40.7311667,-124.089,7.9
41,,1582,10,HNZ,-1.0,40.7311667,-124.089,7.9
41,,1580,01,HNZ,-1.0,40.7311667,-124.089,7.9
41,,LVR,--,EHZ,-1.0,40.7311667,-124.089,7.9
41,,SIGP,00,HHZ,-1.0,40.7311667,-124.089,7.9
41,,YBH,50,HHZ,1.0,40.7311667,-124.089,7.9
41,,WEAV,00,HHZ,-1.0,40.7311667,-124.089,7.9
41,,KCT,--,HHZ,-1.0,40.7311667,-124.089,7.9
41,,KHBB,--,HHZ,-1.0,40.7311667,-124.089,7.9
41,,KIP,--,EHZ,-1.0,40.7311667,-124.089,7.9
41,,KMPB,--,HHZ,-1.0,40.7311667,-124.089,7.9
41,,KMR,--,HHZ,-1.0,40.7311667,-124.089,7.9
41,,KCPB,--,HHZ,-1.0,40.7311667,-124.089,7.9
41,,KOM,02,HNZ,1.0,40.7311667,-124.089,7.9
41,,KRP,--,HHZ,-1.0,40.7311667,-124.089,7.9
41,,KSXB,--,HHZ,-1.0,40.7311667,-124.089,7.9
41,,LAMB,--,EHZ,-1.0,40.7311667,-124.089,7.9
41,,LBK,--,EHZ,-1.0,40.7311667,-124.089,7.9
41,,LBP,--,EHZ,1.0,40.7311667,-124.089,7.9
41,,LPG,--,EHZ,1.0,40.7311667,-124.089,7.9
41,,KRMB,--,HHZ,-1.0,40.7311667,-124.089,7.9
41,,TRIN,00,HHZ,1.0,40.7311667,-124.089,7.9
41,,KBN,--,EHZ,1.0,40.7311667,-124.089,7.9
41,,YBH,00,HHZ,1.0,40.7311667,-124.089,7.9
41,,89101,10,HNZ,-1.0,40.7311667,-124.089,7.9
41,,89255,10,HNZ,-1.0,40.7311667,-124.089,7.9
41,,89464,10,HNZ,1.0,40.7311667,-124.089,7.9
41,,KCO,--,HNZ,-1.0,40.7311667,-124.089,7.9
41,,89781,10,HNZ,1.0,40.7311667,-124.089,7.9
41,,KHMB,--,HHZ,-1.0,40.7311667,-124.089,7.9
42,,KMR,--,HHZ,1.0,40.2735,-124.3003333,9.44
42,,KOM,02,HNZ,1.0,40.2735,-124.3003333,9.44
42,,KPR,01,HNZ,-1.0,40.2735,-124.3003333,9.44
42,,KRK,01,HNZ,-1.0,40.2735,-124.3003333,9.44
42,,KRP,--,HHZ,1.0,40.2735,-124.3003333,9.44
42,,KSXB,--,HHZ,-1.0,40.2735,-124.3003333,9.44
42,,LAMB,--,EHZ,1.0,40.2735,-124.3003333,9.44
42,,LBK,--,EHZ,1.0,40.2735,-124.3003333,9.44
42,,LPG,--,EHZ,1.0,40.2735,-124.3003333,9.44
42,,LSF,--,EHZ,1.0,40.2735,-124.3003333,9.44
42,,1023,10,HNZ,-1.0,40.2735,-124.3003333,9.44
42,,1580,01,HNZ,1.0,40.2735,-124.3003333,9.44
42,,KRMB,--,HHZ,1.0,40.2735,-124.3003333,9.44
42,,KMPB,--,HHZ,1.0,40.2735,-124.3003333,9.44
42,,KHMB,--,HHZ,1.0,40.2735,-124.3003333,9.44
42,,KHBB,--,HHZ,1.0,40.2735,-124.3003333,9.44
42,,GMR,01,HNZ,-1.0,40.2735,-124.3003333,9.44
42,,GRO,--,EHZ,1.0,40.2735,-124.3003333,9.44
42,,GVV,--,EHZ,1.0,40.2735,-124.3003333,9.44
42,,GWR,01,HNZ,-1.0,40.2735,-124.3003333,9.44
42,,KKP,--,EHZ,-1.0,40.2735,-124.3003333,9.44
42,,KCO,--,HNZ,-1.0,40.2735,-124.3003333,9.44
42,,KCPB,--,HHZ,-1.0,40.2735,-124.3003333,9.44
42,,KCT,--,HHZ,-1.0,40.2735,-124.3003333,9.44
42,,KBU,01,HNZ,1.0,40.2735,-124.3003333,9.44
42,,KFP,--,EHZ,-1.0,40.2735,-124.3003333,9.44
42,,1582,10,HNZ,-1.0,40.2735,-124.3003333,9.44
42,,G007,01,HNZ,-1.0,40.2735,-124.3003333,9.44
42,,MNDO,00,HHZ,-1.0,40.2735,-124.3003333,9.44
42,,PETL,00,HHZ,1.0,40.2735,-124.3003333,9.44
42,,PETY,00,HHZ,1.0,40.2735,-124.3003333,9.44
42,,SCOT,00,HHZ,1.0,40.2735,-124.3003333,9.44
42,,SIGP,00,HHZ,-1.0,40.2735,-124.3003333,9.44
42,,TRIN,00,HHZ,1.0,40.2735,-124.3003333,9.44
42,,JCC,00,HHZ,1.0,40.2735,-124.3003333,9.44
42,,YBH,00,HHZ,1.0,40.2735,-124.3003333,9.44
42,,YBH,50,HHZ,1.0,40.2735,-124.3003333,9.44
42,,79036,--,HNZ,-1.0,40.2735,-124.3003333,9.44
42,,79036,10,HNZ,-1.0,40.2735,-124.3003333,9.44
42,,79298,10,HNZ,1.0,40.2735,-124.3003333,9.44
42,,WEAV,00,HHZ,1.0,40.2735,-124.3003333,9.44
42,,GASB,00,HHZ,1.0,40.2735,-124.3003333,9.44
42,,DCMP,00,HHZ,-1.0,40.2735,-124.3003333,9.44
42,,BRIC,00,HHZ,-1.0,40.2735,-124.3003333,9.44
42,,G006,01,HNZ,-1.0,40.2735,-124.3003333,9.44
42,,99144,10,HNZ,-1.0,40.2735,-124.3003333,9.44
42,,99017,10,HNZ,1.0,40.2735,-124.3003333,9.44
42,,89781,10,HNZ,-1.0,40.2735,-124.3003333,9.44
42,,89464,10,HNZ,1.0,40.2735,-124.3003333,9.44
42,,89464,--,HNZ,-1.0,40.2735,-124.3003333,9.44
42,,89462,--,HNZ,1.0,40.2735,-124.3003333,9.44
42,,89255,10,HNZ,1.0,40.2735,-124.3003333,9.44
42,,89255,--,HNZ,1.0,40.2735,-124.3003333,9.44
42,,89101,10,HNZ,-1.0,40.2735,-124.3003333,9.44
42,,89101,--,HNZ,-1.0,40.2735,-124.3003333,9.44
42,,79666,10,HNZ,1.0,40.2735,-124.3003333,9.44
42,,1581,10,HNZ,-1.0,40.2735,-124.3003333,9.44
42,,79435,10,HNZ,1.0,40.2735,-124.3003333,9.44
42,,79435,--,HNZ,-1.0,40.2735,-124.3003333,9.44
42,,KCR,02,EHZ,1.0,40.2735,-124.3003333,9.44
42,,KBS,02,EHZ,1.0,40.2735,-124.3003333,9.44
42,,KPP,--,EHZ,1.0,40.2735,-124.3003333,9.44
42,,KIP,--,EHZ,-1.0,40.2735,-124.3003333,9.44
42,,GTC,--,EHZ,-1.0,40.2735,-124.3003333,9.44
42,,LVR,--,EHZ,1.0,40.2735,-124.3003333,9.44
42,,LRB,--,EHZ,-1.0,40.2735,-124.3003333,9.44
42,,TRNT,20,HNZ,1.0,40.2735,-124.3003333,9.44
42,,B935,--,EHZ,1.0,40.2735,-124.3003333,9.44
42,,B934,--,EHZ,-1.0,40.2735,-124.3003333,9.44
42,,KBN,--,EHZ,1.0,40.2735,-124.3003333,9.44
42,,B932,--,EHZ,1.0,40.2735,-124.3003333,9.44
42,,1584,10,HNZ,-1.0,40.2735,-124.3003333,9.44
42,,B933,--,EHZ,-1.0,40.2735,-124.3003333,9.44
42,,1586,10,HNZ,-1.0,40.2735,-124.3003333,9.44
42,,1591,10,HNZ,-1.0,40.2735,-124.3003333,9.44
42,,B045,--,EHZ,1.0,40.2735,-124.3003333,9.44
42,,B046,--,EHZ,1.0,40.2735,-124.3003333,9.44
42,,B047,--,EHZ,-1.0,40.2735,-124.3003333,9.44
42,,B049,--,EHZ,1.0,40.2735,-124.3003333,9.44
43,,KRP,--,HHZ,-1.0,40.144,-123.844,22.38
43,,KSXB,--,HHZ,-1.0,40.144,-123.844,22.38
43,,LBK,--,EHZ,1.0,40.144,-123.844,22.38
43,,KRK,01,HNZ,-1.0,40.144,-123.844,22.38
43,,KPR,01,HNZ,1.0,40.144,-123.844,22.38
43,,KMR,--,HHZ,-1.0,40.144,-123.844,22.38
43,,KCT,--,HHZ,1.0,40.144,-123.844,22.38
43,,KIP,01,HNZ,1.0,40.144,-123.844,22.38
43,,KHMB,--,HHZ,-1.0,40.144,-123.844,22.38
43,,KHBB,--,HHZ,1.0,40.144,-123.844,22.38
43,,KCPB,--,HHZ,1.0,40.144,-123.844,22.38
43,,KCO,--,HNZ,1.0,40.144,-123.844,22.38
43,,LRB,--,EHZ,1.0,40.144,-123.844,22.38
43,,KBU,01,HNZ,-1.0,40.144,-123.844,22.38
43,,KBN,--,EHZ,1.0,40.144,-123.844,22.38
43,,KMPB,--,HHZ,1.0,40.144,-123.844,22.38
43,,LSF,--,EHZ,1.0,40.144,-123.844,22.38
43,,B046,--,EHZ,1.0,40.144,-123.844,22.38
43,,B935,--,EHZ,1.0,40.144,-123.844,22.38
43,,B934,--,EHZ,-1.0,40.144,-123.844,22.38
43,,B933,--,EHZ,-1.0,40.144,-123.844,22.38
43,,B932,--,EHZ,1.0,40.144,-123.844,22.38
43,,B049,--,EHZ,-1.0,40.144,-123.844,22.38
43,,LVR,--,EHZ,1.0,40.144,-123.844,22.38
43,,B047,--,EHZ,1.0,40.144,-123.844,22.38
43,,B045,--,EHZ,1.0,40.144,-123.844,22.38
43,,1591,10,HNZ,-1.0,40.144,-123.844,22.38
43,,1586,10,HNZ,-1.0,40.144,-123.844,22.38
43,,1584,10,HNZ,1.0,40.144,-123.844,22.38
43,,GHO,01,HNZ,-1.0,40.144,-123.844,22.38
43,,GTC,--,EHZ,1.0,40.144,-123.844,22.38
43,,79036,10,HNZ,1.0,40.144,-123.844,22.38
43,,YBH,50,HHZ,1.0,40.144,-123.844,22.38
43,,YBH,00,HHZ,1.0,40.144,-123.844,22.38
43,,WEAV,00,HHZ,-1.0,40.144,-123.844,22.38
43,,TRIN,00,HHZ,-1.0,40.144,-123.844,22.38
43,,SIGP,00,HHZ,-1.0,40.144,-123.844,22.38
43,,SCOT,00,HHZ,-1.0,40.144,-123.844,22.38
43,,RVIT,00,HHZ,1.0,40.144,-123.844,22.38
43,,PETY,00,HHZ,1.0,40.144,-123.844,22.38
43,,PETL,00,HHZ,1.0,40.144,-123.844,22.38
43,,JCC,00,HHZ,-1.0,40.144,-123.844,22.38
43,,INGL,00,HHZ,1.0,40.144,-123.844,22.38
43,,HAYF,00,HHZ,1.0,40.144,-123.844,22.38
43,,GASB,00,HHZ,1.0,40.144,-123.844,22.38
43,,DMOR,00,HHZ,-1.0,40.144,-123.844,22.38
43,,DLIK,00,HHZ,1.0,40.144,-123.844,22.38
43,,DCMP,00,HHZ,1.0,40.144,-123.844,22.38
43,,BRIC,00,HHZ,-1.0,40.144,-123.844,22.38
43,,BARR,00,HHZ,-1.0,40.144,-123.844,22.38
43,,79435,10,HNZ,1.0,40.144,-123.844,22.38
43,,GRO,--,EHZ,1.0,40.144,-123.844,22.38
43,,GNR,01,HNZ,1.0,40.144,-123.844,22.38
43,,89462,10,HNZ,1.0,40.144,-123.844,22.38
43,,KCR,02,EHZ,1.0,40.144,-123.844,22.38
43,,89101,10,HNZ,1.0,40.144,-123.844,22.38
43,,KSM,02,EHZ,1.0,40.144,-123.844,22.38
43,,KPP,--,EHZ,1.0,40.144,-123.844,22.38
43,,KKP,--,EHZ,1.0,40.144,-123.844,22.38
43,,KCS,--,EHZ,1.0,40.144,-123.844,22.38
44,,RVIT,00,HHZ,1.0,40.2491667,-124.1636667,11.69
44,,SCOT,00,HHZ,-1.0,40.2491667,-124.1636667,11.69
44,,SIGP,00,HHZ,1.0,40.2491667,-124.1636667,11.69
44,,TRIN,00,HHZ,1.0,40.2491667,-124.1636667,11.69
44,,WEAV,00,HHZ,-1.0,40.2491667,-124.1636667,11.69
44,,SANG,00,HHZ,1.0,40.2491667,-124.1636667,11.69
44,,LRB,--,EHZ,-1.0,40.2491667,-124.1636667,11.69
44,,RBOW,00,HHZ,1.0,40.2491667,-124.1636667,11.69
44,,YBH,00,HHZ,1.0,40.2491667,-124.1636667,11.69
44,,79046,10,HNZ,1.0,40.2491667,-124.1636667,11.69
44,,BRIC,00,HHZ,-1.0,40.2491667,-124.1636667,11.69
44,,DCMP,00,HHZ,1.0,40.2491667,-124.1636667,11.69
44,,GTSB,00,HHZ,1.0,40.2491667,-124.1636667,11.69
44,,JCC,00,HHZ,1.0,40.2491667,-124.1636667,11.69
44,,MILL,00,HHZ,1.0,40.2491667,-124.1636667,11.69
44,,MNDO,00,HHZ,1.0,40.2491667,-124.1636667,11.69
44,,PETY,00,HHZ,1.0,40.2491667,-124.1636667,11.69
44,,HAYF,00,HHZ,1.0,40.2491667,-124.1636667,11.69
44,,79298,10,HNZ,1.0,40.2491667,-124.1636667,11.69
44,,B934,--,EHZ,-1.0,40.2491667,-124.1636667,11.69
44,,B935,--,EHZ,-1.0,40.2491667,-124.1636667,11.69
44,,LBK,--,EHZ,-1.0,40.2491667,-124.1636667,11.69
44,,KSXB,--,HHZ,1.0,40.2491667,-124.1636667,11.69
44,,KRP,--,HHZ,1.0,40.2491667,-124.1636667,11.69
44,,KRMB,--,HHZ,1.0,40.2491667,-124.1636667,11.69
44,,B933,--,EHZ,1.0,40.2491667,-124.1636667,11.69
44,,KRK,01,HNZ,-1.0,40.2491667,-124.1636667,11.69
44,,KPR,01,HNZ,-1.0,40.2491667,-124.1636667,11.69
44,,KOM,02,HNZ,1.0,40.2491667,-124.1636667,11.69
44,,KMR,--,HHZ,-1.0,40.2491667,-124.1636667,11.69
44,,KMPB,--,HHZ,1.0,40.2491667,-124.1636667,11.69
44,,KIP,01,HNZ,-1.0,40.2491667,-124.1636667,11.69
44,,KHMB,--,HHZ,1.0,40.2491667,-124.1636667,11.69
44,,KHBB,--,HHZ,1.0,40.2491667,-124.1636667,11.69
44,,B049,--,EHZ,-1.0,40.2491667,-124.1636667,11.69
44,,LSF,--,EHZ,-1.0,40.2491667,-124.1636667,11.69
44,,1023,10,HNZ,1.0,40.2491667,-124.1636667,11.69
44,,1580,01,HNZ,-1.0,40.2491667,-124.1636667,11.69
44,,1581,10,HNZ,-1.0,40.2491667,-124.1636667,11.69
44,,1582,10,HNZ,1.0,40.2491667,-124.1636667,11.69
44,,1584,10,HNZ,1.0,40.2491667,-124.1636667,11.69
44,,B932,--,EHZ,1.0,40.2491667,-124.1636667,11.69
44,,1586,10,HNZ,1.0,40.2491667,-124.1636667,11.69
44,,B045,--,EHZ,-1.0,40.2491667,-124.1636667,11.69
44,,B046,--,EHZ,1.0,40.2491667,-124.1636667,11.69
44,,B047,--,EHZ,1.0,40.2491667,-124.1636667,11.69
44,,KFP,01,HNZ,1.0,40.2491667,-124.1636667,11.69
44,,KCT,--,HHZ,-1.0,40.2491667,-124.1636667,11.69
44,,KCR,03,HNZ,-1.0,40.2491667,-124.1636667,11.69
44,,89781,10,HNZ,-1.0,40.2491667,-124.1636667,11.69
44,,GBL,01,HNZ,1.0,40.2491667,-124.1636667,11.69
44,,89462,10,HNZ,1.0,40.2491667,-124.1636667,11.69
44,,89255,10,HNZ,-1.0,40.2491667,-124.1636667,11.69
44,,89101,10,HNZ,1.0,40.2491667,-124.1636667,11.69
44,,79435,10,HNZ,1.0,40.2491667,-124.1636667,11.69
44,,89688,10,HNZ,-1.0,40.2491667,-124.1636667,11.69
44,,KCPB,--,HHZ,1.0,40.2491667,-124.1636667,11.69
44,,KCO,--,HNZ,1.0,40.2491667,-124.1636667,11.69
44,,KBU,01,HNZ,-1.0,40.2491667,-124.1636667,11.69
44,,GTC,--,EHZ,1.0,40.2491667,-124.1636667,11.69
44,,GNR,01,HNZ,1.0,40.2491667,-124.1636667,11.69
44,,GMR,01,HNZ,-1.0,40.2491667,-124.1636667,11.69
44,,GHO,01,HNZ,-1.0,40.2491667,-124.1636667,11.69
45,,89101,10,HNZ,-1.0,40.428,-124.4005,10.74
45,,79046,10,HNZ,-1.0,40.428,-124.4005,10.74
45,,SIGP,00,HHZ,-1.0,40.428,-124.4005,10.74
45,,SCOT,00,HHZ,-1.0,40.428,-124.4005,10.74
45,,SBAR,00,HHZ,-1.0,40.428,-124.4005,10.74
45,,SANG,00,HHZ,-1.0,40.428,-124.4005,10.74
45,,RBOW,00,HHZ,-1.0,40.428,-124.4005,10.74
45,,PETY,00,HHZ,-1.0,40.428,-124.4005,10.74
45,,MILL,00,HHZ,1.0,40.428,-124.4005,10.74
45,,TRIN,00,HHZ,1.0,40.428,-124.4005,10.74
45,,JCC,00,HHZ,1.0,40.428,-124.4005,10.74
45,,KCSB,01,HNZ,1.0,40.428,-124.4005,10.74
45,,KCR,03,HNZ,1.0,40.428,-124.4005,10.74
45,,KCPB,--,HHZ,1.0,40.428,-124.4005,10.74
45,,KCO,--,HNZ,-1.0,40.428,-124.4005,10.74
45,,KBU,01,HNZ,-1.0,40.428,-124.4005,10.74
45,,GNR,01,HNZ,-1.0,40.428,-124.4005,10.74
45,,HAYF,00,HHZ,1.0,40.428,-124.4005,10.74
45,,GUMB,00,HHZ,-1.0,40.428,-124.4005,10.74
45,,1582,10,HNZ,1.0,40.428,-124.4005,10.74
45,,1584,10,HNZ,-1.0,40.428,-124.4005,10.74
45,,1586,10,HNZ,-1.0,40.428,-124.4005,10.74
45,,1591,10,HNZ,-1.0,40.428,-124.4005,10.74
45,,B045,--,EHZ,1.0,40.428,-124.4005,10.74
45,,B047,--,EHZ,-1.0,40.428,-124.4005,10.74
45,,B049,--,EHZ,-1.0,40.428,-124.4005,10.74
45,,B932,--,EHZ,-1.0,40.428,-124.4005,10.74
45,,B933,--,EHZ,-1.0,40.428,-124.4005,10.74
45,,B046,--,EHZ,-1.0,40.428,-124.4005,10.74
45,,1023,10,HNZ,1.0,40.428,-124.4005,10.74
45,,DLIK,00,HHZ,-1.0,40.428,-124.4005,10.74
45,,DCMP,00,HHZ,1.0,40.428,-124.4005,10.74
45,,BRIC,00,HHZ,-1.0,40.428,-124.4005,10.74
45,,KCT,--,HHZ,1.0,40.428,-124.4005,10.74
45,,KFP,01,HNZ,1.0,40.428,-124.4005,10.74
45,,KHBB,--,HHZ,1.0,40.428,-124.4005,10.74
45,,KHMB,--,HHZ,1.0,40.428,-124.4005,10.74
45,,KIP,01,HNZ,-1.0,40.428,-124.4005,10.74
45,,KMPB,--,HHZ,-1.0,40.428,-124.4005,10.74
45,,KMR,--,HHZ,-1.0,40.428,-124.4005,10.74
45,,KPR,01,HNZ,-1.0,40.428,-124.4005,10.74
45,,KSXB,--,HHZ,-1.0,40.428,-124.4005,10.74
45,,LBK,--,EHZ,1.0,40.428,-124.4005,10.74
45,,LRB,--,EHZ,-1.0,40.428,-124.4005,10.74
45,,LSF,--,EHZ,-1.0,40.428,-124.4005,10.74
45,,B935,--,EHZ,1.0,40.428,-124.4005,10.74
46,,KHBB,--,HHZ,-1.0,39.8005,-123.1861667,9.05
46,,LRB,--,EHZ,-1.0,39.8005,-123.1861667,9.05
46,,KOM,02,HNZ,1.0,39.8005,-123.1861667,9.05
46,,KMR,--,HHZ,-1.0,39.8005,-123.1861667,9.05
46,,KMPB,--,HHZ,-1.0,39.8005,-123.1861667,9.05
46,,KIP,01,HNZ,1.0,39.8005,-123.1861667,9.05
46,,KHMB,--,HHZ,-1.0,39.8005,-123.1861667,9.05
46,,KFP,01,HNZ,1.0,39.8005,-123.1861667,9.05
46,,KCT,--,HHZ,-1.0,39.8005,-123.1861667,9.05
46,,KCSB,01,HNZ,-1.0,39.8005,-123.1861667,9.05
46,,KCR,03,HNZ,-1.0,39.8005,-123.1861667,9.05
46,,KCPB,--,HHZ,1.0,39.8005,-123.1861667,9.05
46,,KCO,--,HNZ,-1.0,39.8005,-123.1861667,9.05
46,,KBU,01,HNZ,-1.0,39.8005,-123.1861667,9.05
46,,KBN,01,HNZ,1.0,39.8005,-123.1861667,9.05
46,,GWR,01,HNZ,1.0,39.8005,-123.1861667,9.05
46,,GVA,01,HNZ,-1.0,39.8005,-123.1861667,9.05
46,,GROB,01,HNZ,1.0,39.8005,-123.1861667,9.05
46,,KPPB,01,HNZ,-1.0,39.8005,-123.1861667,9.05
46,,KPR,01,HNZ,-1.0,39.8005,-123.1861667,9.05
46,,KRK,01,HNZ,-1.0,39.8005,-123.1861667,9.05
46,,B935,--,EHZ,-1.0,39.8005,-123.1861667,9.05
46,,B934,--,EHZ,1.0,39.8005,-123.1861667,9.05
46,,B933,--,EHZ,-1.0,39.8005,-123.1861667,9.05
46,,B932,--,EHZ,-1.0,39.8005,-123.1861667,9.05
46,,B049,--,EHZ,-1.0,39.8005,-123.1861667,9.05
46,,B046,--,EHZ,-1.0,39.8005,-123.1861667,9.05
46,,B045,--,EHZ,-1.0,39.8005,-123.1861667,9.05
46,,1591,10,HNZ,-1.0,39.8005,-123.1861667,9.05
46,,1584B,10,HNZ,1.0,39.8005,-123.1861667,9.05
46,,LSF,--,EHZ,1.0,39.8005,-123.1861667,9.05
46,,KRP,--,HHZ,-1.0,39.8005,-123.1861667,9.05
46,,GNR,01,HNZ,1.0,39.8005,-123.1861667,9.05
46,,GHO,01,HNZ,1.0,39.8005,-123.1861667,9.05
46,,WEAV,00,HHZ,-1.0,39.8005,-123.1861667,9.05
46,,TRIN,00,HHZ,-1.0,39.8005,-123.1861667,9.05
46,,RBOW,00,HHZ,-1.0,39.8005,-123.1861667,9.05
46,,PRDS,00,HHZ,-1.0,39.8005,-123.1861667,9.05
46,,PETY,00,HHZ,1.0,39.8005,-123.1861667,9.05
46,,KNEE,00,HHZ,-1.0,39.8005,-123.1861667,9.05
46,,JCC,00,HHZ,-1.0,39.8005,-123.1861667,9.05
46,,HAYF,00,HHZ,-1.0,39.8005,-123.1861667,9.05
46,,GTSB,00,HHZ,-1.0,39.8005,-123.1861667,9.05
46,,GHOP,00,HHZ,-1.0,39.8005,-123.1861667,9.05
46,,DLIK,00,HHZ,-1.0,39.8005,-123.1861667,9.05
46,,DCMP,00,HHZ,1.0,39.8005,-123.1861667,9.05
46,,BRIC,00,HHZ,-1.0,39.8005,-123.1861667,9.05
46,,BLAS,00,HHZ,-1.0,39.8005,-123.1861667,9.05
46,,GMR,01,HNZ,1.0,39.8005,-123.1861667,9.05
46,,79036,10,HNZ,-1.0,39.8005,-123.1861667,9.05
46,,HUNT,00,HHZ,-1.0,39.8005,-123.1861667,9.05
46,,79046,10,HNZ,1.0,39.8005,-123.1861667,9.05
46,,GHGB,01,HNZ,-1.0,39.8005,-123.1861667,9.05
46,,GBL,01,HNZ,1.0,39.8005,-123.1861667,9.05
46,,79298,10,HNZ,1.0,39.8005,-123.1861667,9.05
46,,89688,10,HNZ,-1.0,39.8005,-123.1861667,9.05
46,,79666,10,HNZ,1.0,39.8005,-123.1861667,9.05
46,,79668,10,HNZ,-1.0,39.8005,-123.1861667,9.05
47,,TRIN,01,HHZ,1.0,40.7355,-123.8405,19.76
47,,WEAV,00,HHZ,1.0,40.7355,-123.8405,19.76
47,,89781,10,HNZ,1.0,40.7355,-123.8405,19.76
47,,89462,10,HNZ,-1.0,40.7355,-123.8405,19.76
47,,DMOR,00,HHZ,1.0,40.7355,-123.8405,19.76
47,,BRIC,00,HHZ,-1.0,40.7355,-123.8405,19.76
47,,HAYF,00,HHZ,1.0,40.7355,-123.8405,19.76
47,,RBOW,00,HHZ,1.0,40.7355,-123.8405,19.76
47,,PETY,00,HHZ,-1.0,40.7355,-123.8405,19.76
47,,KNEE,00,HHZ,-1.0,40.7355,-123.8405,19.76
47,,1582,10,HNZ,-1.0,40.7355,-123.8405,19.76
47,,1581,10,HNZ,1.0,40.7355,-123.8405,19.76
47,,1586,10,HNZ,1.0,40.7355,-123.8405,19.76
47,,LBK,--,EHZ,1.0,40.7355,-123.8405,19.76
47,,KTD,01,HNZ,1.0,40.7355,-123.8405,19.76
47,,KRP,--,HHZ,1.0,40.7355,-123.8405,19.76
47,,B935,--,EHZ,1.0,40.7355,-123.8405,19.76
47,,B049,--,EHZ,-1.0,40.7355,-123.8405,19.76
47,,B046,--,EHZ,1.0,40.7355,-123.8405,19.76
47,,KCSB,01,HNZ,1.0,40.7355,-123.8405,19.76
47,,KCR,03,HNZ,-1.0,40.7355,-123.8405,19.76
47,,KBU,01,HNZ,-1.0,40.7355,-123.8405,19.76
47,,KCT,--,HHZ,1.0,40.7355,-123.8405,19.76
47,,KOM,02,HNZ,1.0,40.7355,-123.8405,19.76
47,,KMR,--,HHZ,-1.0,40.7355,-123.8405,19.76
47,,KMPB,--,HHZ,1.0,40.7355,-123.8405,19.76
47,,KHMB,--,HHZ,1.0,40.7355,-123.8405,19.76
47,,KHBB,--,HHZ,1.0,40.7355,-123.8405,19.76
